No;Provinsi;Kab/Kota;Kecamatan;Kelurahan;;;
1;BANTEN;KOTA CILEGON;CIBEBER;BULAKAN;;;
2;BANTEN;KOTA CILEGON;CIBEBER;CIBEBER;;;
3;BANTEN;KOTA CILEGON;CIBEBER;CIKERAI;;;
4;BANTEN;KOTA CILEGON;CIBEBER;KALITIMBANG;;;
5;BANTEN;KOTA CILEGON;CIBEBER;KARANGASEM;;;
6;BANTEN;KOTA CILEGON;CIBEBER;KEDALEMAN;;;
7;BANTEN;KOTA CILEGON;CILEGON;BAGENDUNG;;;
8;BANTEN;KOTA CILEGON;CILEGON;BENDUNGAN;;;
9;BANTEN;KOTA CILEGON;CILEGON;CIWADUK;;;
10;BANTEN;KOTA CILEGON;CILEGON;CIWEDUS;;;
11;BANTEN;KOTA CILEGON;CILEGON;KETILENG;;;
12;BANTEN;KOTA CILEGON;CITANGKIL;CITANGKIL;;;
13;BANTEN;KOTA CILEGON;CITANGKIL;DERINGO;;;
14;BANTEN;KOTA CILEGON;CITANGKIL;KEBONSARI;;;
15;BANTEN;KOTA CILEGON;CITANGKIL;LEBAKDENOK;;;
16;BANTEN;KOTA CILEGON;CITANGKIL;SAMANGRAYA;;;
17;BANTEN;KOTA CILEGON;CITANGKIL;TAMANBARU;;;
18;BANTEN;KOTA CILEGON;CITANGKIL;WARNASARI;;;
19;BANTEN;KOTA CILEGON;CIWANDAN;BANJAR NEGARA;;;
20;BANTEN;KOTA CILEGON;CIWANDAN;GUNUNGSUGIH;;;
21;BANTEN;KOTA CILEGON;CIWANDAN;KEPUH;;;
22;BANTEN;KOTA CILEGON;CIWANDAN;KUBANGSARI;;;
23;BANTEN;KOTA CILEGON;CIWANDAN;RANDAKARI;;;
24;BANTEN;KOTA CILEGON;CIWANDAN;TEGALRATU;;;
25;BANTEN;KOTA CILEGON;GROGOL;GEREM;;;
26;BANTEN;KOTA CILEGON;GROGOL;GEROGOL;;;
27;BANTEN;KOTA CILEGON;GROGOL;KOTASARI;;;
28;BANTEN;KOTA CILEGON;GROGOL;RAWA ARUM;;;
29;BANTEN;KOTA CILEGON;JOMBANG;GEDONG DALEM;;;
30;BANTEN;KOTA CILEGON;JOMBANG;JOMBANG WETAN;;;
31;BANTEN;KOTA CILEGON;JOMBANG;MASIGIT;;;
32;BANTEN;KOTA CILEGON;JOMBANG;PANGGUNG RAWI;;;
33;BANTEN;KOTA CILEGON;JOMBANG;SUKMAJAYA;;;
34;BANTEN;KOTA CILEGON;PULOMERAK;LEBAK GEDE;;;
35;BANTEN;KOTA CILEGON;PULOMERAK;MEKARSARI;;;
36;BANTEN;KOTA CILEGON;PULOMERAK;SURALAYA;;;
37;BANTEN;KOTA CILEGON;PULOMERAK;TAMANSARI;;;
38;BANTEN;KOTA CILEGON;PURWAKARTA;KEBONDALEM;;;
39;BANTEN;KOTA CILEGON;PURWAKARTA;KOTABUMI;;;
40;BANTEN;KOTA CILEGON;PURWAKARTA;PABEAN;;;
41;BANTEN;KOTA CILEGON;PURWAKARTA;PURWAKARTA;;;
42;BANTEN;KOTA CILEGON;PURWAKARTA;RAMANUJU;;;
43;BANTEN;KOTA CILEGON;PURWAKARTA;TEGAL BUNDER;;;
44;BANTEN;KOTA SERANG;CIPOCOK JAYA;BANJARAGUNG;;;
45;BANTEN;KOTA SERANG;CIPOCOK JAYA;BANJARSARI;;;
46;BANTEN;KOTA SERANG;CIPOCOK JAYA;CIPOCOK JAYA;;;
47;BANTEN;KOTA SERANG;CIPOCOK JAYA;DALUNG;;;
48;BANTEN;KOTA SERANG;CIPOCOK JAYA;GELAM;;;
49;BANTEN;KOTA SERANG;CIPOCOK JAYA;KARUNDANG;;;
50;BANTEN;KOTA SERANG;CIPOCOK JAYA;PANANCANGAN;;;
51;BANTEN;KOTA SERANG;CIPOCOK JAYA;TEMBONG;;;
52;BANTEN;KOTA SERANG;CURUG;CILAKU;;;
53;BANTEN;KOTA SERANG;CURUG;CIPETE;;;
54;BANTEN;KOTA SERANG;CURUG;CURUG;;;
55;BANTEN;KOTA SERANG;CURUG;CURUGMANIS;;;
56;BANTEN;KOTA SERANG;CURUG;KAMANISAN;;;
57;BANTEN;KOTA SERANG;CURUG;PANCALAKSANA;;;
58;BANTEN;KOTA SERANG;CURUG;SUKAJAYA;;;
59;BANTEN;KOTA SERANG;CURUG;SUKALAKSANA;;;
60;BANTEN;KOTA SERANG;CURUG;SUKAWANA;;;
61;BANTEN;KOTA SERANG;CURUG;TINGGAR;;;
62;BANTEN;KOTA SERANG;KASEMEN;BANTEN;;;
63;BANTEN;KOTA SERANG;KASEMEN;BENDUNG;;;
64;BANTEN;KOTA SERANG;KASEMEN;KASEMEN;;;
65;BANTEN;KOTA SERANG;KASEMEN;KASUNYATAN;;;
66;BANTEN;KOTA SERANG;KASEMEN;KILASAH;;;
67;BANTEN;KOTA SERANG;KASEMEN;MARGALUYU;;;
68;BANTEN;KOTA SERANG;KASEMEN;MESJID PRIYAYI;;;
69;BANTEN;KOTA SERANG;KASEMEN;SAWAH LUHUR;;;
70;BANTEN;KOTA SERANG;KASEMEN;TERUMBU;;;
71;BANTEN;KOTA SERANG;KASEMEN;WARUNG JAUD;;;
72;BANTEN;KOTA SERANG;SERANG;CIMUNCANG;;;
73;BANTEN;KOTA SERANG;SERANG;CIPARE;;;
74;BANTEN;KOTA SERANG;SERANG;KAGUNGAN;;;
75;BANTEN;KOTA SERANG;SERANG;KALIGANDU;;;
76;BANTEN;KOTA SERANG;SERANG;KOTABARU;;;
77;BANTEN;KOTA SERANG;SERANG;LONTARBARU;;;
78;BANTEN;KOTA SERANG;SERANG;LOPANG;;;
79;BANTEN;KOTA SERANG;SERANG;SERANG;;;
80;BANTEN;KOTA SERANG;SERANG;SUKAWANA;;;
81;BANTEN;KOTA SERANG;SERANG;SUMURPECUNG;;;
82;BANTEN;KOTA SERANG;SERANG;TERONDOL;;;
83;BANTEN;KOTA SERANG;SERANG;UNYUR;;;
84;BANTEN;KOTA SERANG;TAKTAKAN;CILOWONG;;;
85;BANTEN;KOTA SERANG;TAKTAKAN;DRANGONG;;;
86;BANTEN;KOTA SERANG;TAKTAKAN;KALANG ANYAR;;;
87;BANTEN;KOTA SERANG;TAKTAKAN;KURANJI;;;
88;BANTEN;KOTA SERANG;TAKTAKAN;LIALANG;;;
89;BANTEN;KOTA SERANG;TAKTAKAN;PANCUR;;;
90;BANTEN;KOTA SERANG;TAKTAKAN;PANGGUNGJATI;;;
91;BANTEN;KOTA SERANG;TAKTAKAN;SAYAR;;;
92;BANTEN;KOTA SERANG;TAKTAKAN;SEPANG;;;
93;BANTEN;KOTA SERANG;TAKTAKAN;TAKTAKAN;;;
94;BANTEN;KOTA SERANG;TAKTAKAN;TAMANBARU;;;
95;BANTEN;KOTA SERANG;TAKTAKAN;UMBUL TENGAH;;;
96;BANTEN;KOTA SERANG;WALANTAKA;CIGOONG;;;
97;BANTEN;KOTA SERANG;WALANTAKA;KALODRAN;;;
98;BANTEN;KOTA SERANG;WALANTAKA;KEPUREN;;;
99;BANTEN;KOTA SERANG;WALANTAKA;KIARA;;;
100;BANTEN;KOTA SERANG;WALANTAKA;LEBAKWANGI;;;
101;BANTEN;KOTA SERANG;WALANTAKA;NYAPAH;;;
102;BANTEN;KOTA SERANG;WALANTAKA;PABUARAN;;;
103;BANTEN;KOTA SERANG;WALANTAKA;PAGERAGUNG;;;
104;BANTEN;KOTA SERANG;WALANTAKA;PASULUHAN;;;
105;BANTEN;KOTA SERANG;WALANTAKA;PENGAMPELAN;;;
106;BANTEN;KOTA SERANG;WALANTAKA;PIPITAN;;;
107;BANTEN;KOTA SERANG;WALANTAKA;TEGALSARI;;;
108;BANTEN;KOTA SERANG;WALANTAKA;TERITIH;;;
109;BANTEN;KOTA SERANG;WALANTAKA;WALANTAKA;;;
110;BANTEN;KOTA TANGERANG;BATUCEPER;BATUCEPER;;;
111;BANTEN;KOTA TANGERANG;BATUCEPER;BATUJAYA;;;
112;BANTEN;KOTA TANGERANG;BATUCEPER;BATUSARI;;;
113;BANTEN;KOTA TANGERANG;BATUCEPER;KEBON BESAR;;;
114;BANTEN;KOTA TANGERANG;BATUCEPER;PORIS JAYA;;;
115;BANTEN;KOTA TANGERANG;BATUCEPER;PORISGAGA;;;
116;BANTEN;KOTA TANGERANG;BATUCEPER;PORISGAGA BARU;;;
117;BANTEN;KOTA TANGERANG;BENDA;BELENDUNG;;;
118;BANTEN;KOTA TANGERANG;BENDA;BENDA;;;
119;BANTEN;KOTA TANGERANG;BENDA;JURUMUDI;;;
120;BANTEN;KOTA TANGERANG;BENDA;JURUMUDI BARU;;;
121;BANTEN;KOTA TANGERANG;BENDA;PAJANG;;;
122;BANTEN;KOTA TANGERANG;CIBODAS;CIBODAS;;;
123;BANTEN;KOTA TANGERANG;CIBODAS;CIBODAS BARU;;;
124;BANTEN;KOTA TANGERANG;CIBODAS;CIBODASARI;;;
125;BANTEN;KOTA TANGERANG;CIBODAS;JATIUWUNG;;;
126;BANTEN;KOTA TANGERANG;CIBODAS;PANUNGGANGAN BARAT;;;
127;BANTEN;KOTA TANGERANG;CIBODAS;UWUNG JAYA;;;
128;BANTEN;KOTA TANGERANG;CILEDUG;PANINGGILAN;;;
129;BANTEN;KOTA TANGERANG;CILEDUG;PANINGGILAN UTARA;;;
130;BANTEN;KOTA TANGERANG;CILEDUG;PARUNG SERAB;;;
131;BANTEN;KOTA TANGERANG;CILEDUG;SUDIMARA BARAT;;;
132;BANTEN;KOTA TANGERANG;CILEDUG;SUDIMARA JAYA;;;
133;BANTEN;KOTA TANGERANG;CILEDUG;SUDIMARA SELATAN;;;
134;BANTEN;KOTA TANGERANG;CILEDUG;SUDIMARA TIMUR;;;
135;BANTEN;KOTA TANGERANG;CILEDUG;TAJUR;;;
136;BANTEN;KOTA TANGERANG;CIPONDOH;CIPONDOH;;;
137;BANTEN;KOTA TANGERANG;CIPONDOH;CIPONDOH INDAH;;;
138;BANTEN;KOTA TANGERANG;CIPONDOH;CIPONDOH MAKMUR;;;
139;BANTEN;KOTA TANGERANG;CIPONDOH;GONDRONG;;;
140;BANTEN;KOTA TANGERANG;CIPONDOH;KENANGA;;;
141;BANTEN;KOTA TANGERANG;CIPONDOH;KETAPANG;;;
142;BANTEN;KOTA TANGERANG;CIPONDOH;PETIR;;;
143;BANTEN;KOTA TANGERANG;CIPONDOH;PORIS PLAWAD;;;
144;BANTEN;KOTA TANGERANG;CIPONDOH;PORIS PLAWAD INDAH;;;
145;BANTEN;KOTA TANGERANG;CIPONDOH;PORIS PLAWAD UTARA;;;
146;BANTEN;KOTA TANGERANG;JATIUWUNG;ALAM JAYA;;;
147;BANTEN;KOTA TANGERANG;JATIUWUNG;GANDASARI;;;
148;BANTEN;KOTA TANGERANG;JATIUWUNG;JATAKE;;;
149;BANTEN;KOTA TANGERANG;JATIUWUNG;KRONCONG;;;
150;BANTEN;KOTA TANGERANG;JATIUWUNG;MANIS JAYA;;;
151;BANTEN;KOTA TANGERANG;JATIUWUNG;PASIR JAYA;;;
152;BANTEN;KOTA TANGERANG;KARANG TENGAH;KARANG MULYA;;;
153;BANTEN;KOTA TANGERANG;KARANG TENGAH;KARANG TENGAH;;;
154;BANTEN;KOTA TANGERANG;KARANG TENGAH;KARANG TIMUR;;;
155;BANTEN;KOTA TANGERANG;KARANG TENGAH;PARUNG JAYA;;;
156;BANTEN;KOTA TANGERANG;KARANG TENGAH;PEDURENAN;;;
157;BANTEN;KOTA TANGERANG;KARANG TENGAH;PONDOK BAHAR;;;
158;BANTEN;KOTA TANGERANG;KARANG TENGAH;PONDOK PUCUNG;;;
159;BANTEN;KOTA TANGERANG;KARAWACI;BOJONGJAYA;;;
160;BANTEN;KOTA TANGERANG;KARAWACI;BUGEL;;;
161;BANTEN;KOTA TANGERANG;KARAWACI;CIMONE;;;
162;BANTEN;KOTA TANGERANG;KARAWACI;CIMONE JAYA;;;
163;BANTEN;KOTA TANGERANG;KARAWACI;GERENDENG;;;
164;BANTEN;KOTA TANGERANG;KARAWACI;KARAWACI;;;
165;BANTEN;KOTA TANGERANG;KARAWACI;KARAWACI BARU;;;
166;BANTEN;KOTA TANGERANG;KARAWACI;KOANGJAYA;;;
167;BANTEN;KOTA TANGERANG;KARAWACI;MARGASARI;;;
168;BANTEN;KOTA TANGERANG;KARAWACI;NAMBOJAYA;;;
169;BANTEN;KOTA TANGERANG;KARAWACI;NUSAJAYA;;;
170;BANTEN;KOTA TANGERANG;KARAWACI;PABUARAN;;;
171;BANTEN;KOTA TANGERANG;KARAWACI;PABUARAN TUMPENG;;;
172;BANTEN;KOTA TANGERANG;KARAWACI;PASARBARU;;;
173;BANTEN;KOTA TANGERANG;KARAWACI;SUKAJADI;;;
174;BANTEN;KOTA TANGERANG;KARAWACI;SUMUR PACING;;;
175;BANTEN;KOTA TANGERANG;LARANGAN;CIPADU;;;
176;BANTEN;KOTA TANGERANG;LARANGAN;CIPADU JAYA;;;
177;BANTEN;KOTA TANGERANG;LARANGAN;GAGA;;;
178;BANTEN;KOTA TANGERANG;LARANGAN;KEREO;;;
179;BANTEN;KOTA TANGERANG;LARANGAN;KEREO SELATAN;;;
180;BANTEN;KOTA TANGERANG;LARANGAN;LARANGAN INDAH;;;
181;BANTEN;KOTA TANGERANG;LARANGAN;LARANGAN SELATAN;;;
182;BANTEN;KOTA TANGERANG;LARANGAN;LARANGAN UTARA;;;
183;BANTEN;KOTA TANGERANG;NEGLASARI;KARANG ANYAR;;;
184;BANTEN;KOTA TANGERANG;NEGLASARI;KARANG SARI;;;
185;BANTEN;KOTA TANGERANG;NEGLASARI;KEDAUNG BARU;;;
186;BANTEN;KOTA TANGERANG;NEGLASARI;KEDAUNG WETAN;;;
187;BANTEN;KOTA TANGERANG;NEGLASARI;MEKARSARI;;;
188;BANTEN;KOTA TANGERANG;NEGLASARI;NEGLASARI;;;
189;BANTEN;KOTA TANGERANG;NEGLASARI;SELAPAJANG JAYA;;;
190;BANTEN;KOTA TANGERANG;PERIUK;GEBANG RAYA;;;
191;BANTEN;KOTA TANGERANG;PERIUK;GEMBOR;;;
192;BANTEN;KOTA TANGERANG;PERIUK;PERIUK;;;
193;BANTEN;KOTA TANGERANG;PERIUK;PERIUK JAYA;;;
194;BANTEN;KOTA TANGERANG;PERIUK;SANGIANG JAYA;;;
195;BANTEN;KOTA TANGERANG;PINANG;CIPETE;;;
196;BANTEN;KOTA TANGERANG;PINANG;KUNCIRAN;;;
197;BANTEN;KOTA TANGERANG;PINANG;KUNCIRAN INDAH;;;
198;BANTEN;KOTA TANGERANG;PINANG;KUNCIRAN JAYA;;;
199;BANTEN;KOTA TANGERANG;PINANG;NEROKTOG;;;
200;BANTEN;KOTA TANGERANG;PINANG;PAKOJAN;;;
201;BANTEN;KOTA TANGERANG;PINANG;PANUNGGANGAN;;;
202;BANTEN;KOTA TANGERANG;PINANG;PANUNGGANGAN TIMUR;;;
203;BANTEN;KOTA TANGERANG;PINANG;PANUNGGANGAN UTARA;;;
204;BANTEN;KOTA TANGERANG;PINANG;PINANG;;;
205;BANTEN;KOTA TANGERANG;PINANG;SUDIMARA PINANG;;;
206;BANTEN;KOTA TANGERANG;TANGERANG;BABAKAN;;;
207;BANTEN;KOTA TANGERANG;TANGERANG;BUARAN INDAH;;;
208;BANTEN;KOTA TANGERANG;TANGERANG;CIKOKOL;;;
209;BANTEN;KOTA TANGERANG;TANGERANG;KELAPA INDAH;;;
210;BANTEN;KOTA TANGERANG;TANGERANG;SUKAASIH;;;
211;BANTEN;KOTA TANGERANG;TANGERANG;SUKARASA;;;
212;BANTEN;KOTA TANGERANG;TANGERANG;SUKASARI;;;
213;BANTEN;KOTA TANGERANG;TANGERANG;TANAH TINGGI;;;
214;BANTEN;KABUPATEN LEBAK;BANJARSARI;BENDUNGAN;;;
215;BANTEN;KABUPATEN LEBAK;BANJARSARI;BOJONGJURUH;;;
216;BANTEN;KABUPATEN LEBAK;BANJARSARI;CIBATURKEUSIK;;;
217;BANTEN;KABUPATEN LEBAK;BANJARSARI;CIDAHU;;;
218;BANTEN;KABUPATEN LEBAK;BANJARSARI;CILEGONG ILIR;;;
219;BANTEN;KABUPATEN LEBAK;BANJARSARI;CIRUJI;;;
220;BANTEN;KABUPATEN LEBAK;BANJARSARI;CISAMPIH;;;
221;BANTEN;KABUPATEN LEBAK;BANJARSARI;GUNUNGSARI;;;
222;BANTEN;KABUPATEN LEBAK;BANJARSARI;JALUPANG GIRANG;;;
223;BANTEN;KABUPATEN LEBAK;BANJARSARI;KADUHAUK;;;
224;BANTEN;KABUPATEN LEBAK;BANJARSARI;KERTA;;;
225;BANTEN;KABUPATEN LEBAK;BANJARSARI;KERTARAHARJA;;;
226;BANTEN;KABUPATEN LEBAK;BANJARSARI;KERTARAHAYU;;;
227;BANTEN;KABUPATEN LEBAK;BANJARSARI;KEUSIK;;;
228;BANTEN;KABUPATEN LEBAK;BANJARSARI;KUMPAY;;;
229;BANTEN;KABUPATEN LEBAK;BANJARSARI;LABANJAYA;;;
230;BANTEN;KABUPATEN LEBAK;BANJARSARI;LEBAKKEUSIK;;;
231;BANTEN;KABUPATEN LEBAK;BANJARSARI;LEUWIIPUH;;;
232;BANTEN;KABUPATEN LEBAK;BANJARSARI;TAMANSARI;;;
233;BANTEN;KABUPATEN LEBAK;BANJARSARI;UMBULJAYA;;;
234;BANTEN;KABUPATEN LEBAK;BAYAH;BAYAH BARAT;;;
235;BANTEN;KABUPATEN LEBAK;BAYAH;BAYAH TIMUR;;;
236;BANTEN;KABUPATEN LEBAK;BAYAH;CIDIKIT;;;
237;BANTEN;KABUPATEN LEBAK;BAYAH;CIMANCAK;;;
238;BANTEN;KABUPATEN LEBAK;BAYAH;CISUREN;;;
239;BANTEN;KABUPATEN LEBAK;BAYAH;DARMASARI;;;
240;BANTEN;KABUPATEN LEBAK;BAYAH;PAMUBULAN;;;
241;BANTEN;KABUPATEN LEBAK;BAYAH;PASIRGOMBONG;;;
242;BANTEN;KABUPATEN LEBAK;BAYAH;SAWARNA;;;
243;BANTEN;KABUPATEN LEBAK;BAYAH;SAWARNA TIMUR;;;
244;BANTEN;KABUPATEN LEBAK;BAYAH;SUWAKAN;;;
245;BANTEN;KABUPATEN LEBAK;BOJONGMANIK;BOJONGMANIK;;;
246;BANTEN;KABUPATEN LEBAK;BOJONGMANIK;CIMAYANG;;;
247;BANTEN;KABUPATEN LEBAK;BOJONGMANIK;HARJAWANA;;;
248;BANTEN;KABUPATEN LEBAK;BOJONGMANIK;KADURAHAYU;;;
249;BANTEN;KABUPATEN LEBAK;BOJONGMANIK;KEBONCAU;;;
250;BANTEN;KABUPATEN LEBAK;BOJONGMANIK;MEKAR RAHAYU;;;
251;BANTEN;KABUPATEN LEBAK;BOJONGMANIK;MEKARMANIK;;;
252;BANTEN;KABUPATEN LEBAK;BOJONGMANIK;PARAKANBEUSI;;;
253;BANTEN;KABUPATEN LEBAK;BOJONGMANIK;PASIR BITUNG;;;
254;BANTEN;KABUPATEN LEBAK;CIBADAK;ASEM;;;
255;BANTEN;KABUPATEN LEBAK;CIBADAK;ASEM MARGALUYU;;;
256;BANTEN;KABUPATEN LEBAK;CIBADAK;BOJONGCAE;;;
257;BANTEN;KABUPATEN LEBAK;CIBADAK;BOJONGLELES;;;
258;BANTEN;KABUPATEN LEBAK;CIBADAK;CIBADAK;;;
259;BANTEN;KABUPATEN LEBAK;CIBADAK;CIMENTENG JAYA;;;
260;BANTEN;KABUPATEN LEBAK;CIBADAK;CISANGU;;;
261;BANTEN;KABUPATEN LEBAK;CIBADAK;KADUAGUNG BARAT;;;
262;BANTEN;KABUPATEN LEBAK;CIBADAK;KADUAGUNG TENGAH;;;
263;BANTEN;KABUPATEN LEBAK;CIBADAK;KADUAGUNG TIMUR;;;
264;BANTEN;KABUPATEN LEBAK;CIBADAK;MALABAR;;;
265;BANTEN;KABUPATEN LEBAK;CIBADAK;MEKAR AGUNG;;;
266;BANTEN;KABUPATEN LEBAK;CIBADAK;PANANCANGAN;;;
267;BANTEN;KABUPATEN LEBAK;CIBADAK;PASAR KEONG;;;
268;BANTEN;KABUPATEN LEBAK;CIBADAK;TAMBAKBAYA;;;
269;BANTEN;KABUPATEN LEBAK;CIBEBER;CIBEBER;;;
270;BANTEN;KABUPATEN LEBAK;CIBEBER;CIHAMBALI;;;
271;BANTEN;KABUPATEN LEBAK;CIBEBER;CIHERANG;;;
272;BANTEN;KABUPATEN LEBAK;CIBEBER;CIKADU;;;
273;BANTEN;KABUPATEN LEBAK;CIBEBER;CIKOTOK;;;
274;BANTEN;KABUPATEN LEBAK;CIBEBER;CISUNGSANG;;;
275;BANTEN;KABUPATEN LEBAK;CIBEBER;CITOREK BARAT;;;
276;BANTEN;KABUPATEN LEBAK;CIBEBER;CITOREK KIDUL;;;
277;BANTEN;KABUPATEN LEBAK;CIBEBER;CITOREK SABRANG;;;
278;BANTEN;KABUPATEN LEBAK;CIBEBER;CITOREK TENGAH;;;
279;BANTEN;KABUPATEN LEBAK;CIBEBER;CITOREK TIMUR;;;
280;BANTEN;KABUPATEN LEBAK;CIBEBER;GUNUNG WANGUN;;;
281;BANTEN;KABUPATEN LEBAK;CIBEBER;HEGARMANAH;;;
282;BANTEN;KABUPATEN LEBAK;CIBEBER;KUJANGJAYA;;;
283;BANTEN;KABUPATEN LEBAK;CIBEBER;KUJANGSARI;;;
284;BANTEN;KABUPATEN LEBAK;CIBEBER;MEKARSARI;;;
285;BANTEN;KABUPATEN LEBAK;CIBEBER;NEGLASARI;;;
286;BANTEN;KABUPATEN LEBAK;CIBEBER;SINARGALIH;;;
287;BANTEN;KABUPATEN LEBAK;CIBEBER;SITUMULYA;;;
288;BANTEN;KABUPATEN LEBAK;CIBEBER;SUKAMULYA;;;
289;BANTEN;KABUPATEN LEBAK;CIBEBER;WANASARI;;;
290;BANTEN;KABUPATEN LEBAK;CIBEBER;WARUNGBANTEN;;;
291;BANTEN;KABUPATEN LEBAK;CIGEMBLONG;CIBUNGUR;;;
292;BANTEN;KABUPATEN LEBAK;CIGEMBLONG;CIGEMBLONG;;;
293;BANTEN;KABUPATEN LEBAK;CIGEMBLONG;CIKADONGDONG;;;
294;BANTEN;KABUPATEN LEBAK;CIGEMBLONG;CIKARATUAN;;;
295;BANTEN;KABUPATEN LEBAK;CIGEMBLONG;CIKARET;;;
296;BANTEN;KABUPATEN LEBAK;CIGEMBLONG;CIKATE;;;
297;BANTEN;KABUPATEN LEBAK;CIGEMBLONG;MUGIJAYA;;;
298;BANTEN;KABUPATEN LEBAK;CIGEMBLONG;PEUCANGPARI;;;
299;BANTEN;KABUPATEN LEBAK;CIGEMBLONG;WANGUNJAYA;;;
300;BANTEN;KABUPATEN LEBAK;CIHARA;BARUNAI;;;
301;BANTEN;KABUPATEN LEBAK;CIHARA;CIHARA;;;
302;BANTEN;KABUPATEN LEBAK;CIHARA;CIPARAHU;;;
303;BANTEN;KABUPATEN LEBAK;CIHARA;CITEPUSEUN;;;
304;BANTEN;KABUPATEN LEBAK;CIHARA;KARANGKAMULYAN;;;
305;BANTEN;KABUPATEN LEBAK;CIHARA;LEBAK PEUNDEUY;;;
306;BANTEN;KABUPATEN LEBAK;CIHARA;MEKARSARI;;;
307;BANTEN;KABUPATEN LEBAK;CIHARA;PANYAUNGAN;;;
308;BANTEN;KABUPATEN LEBAK;CIHARA;PONDOKPANJANG;;;
309;BANTEN;KABUPATEN LEBAK;CIJAKU;CIAPUS;;;
310;BANTEN;KABUPATEN LEBAK;CIJAKU;CIBEUREUM;;;
311;BANTEN;KABUPATEN LEBAK;CIJAKU;CIHUJAN;;;
312;BANTEN;KABUPATEN LEBAK;CIJAKU;CIJAKU;;;
313;BANTEN;KABUPATEN LEBAK;CIJAKU;CIMENGA;;;
314;BANTEN;KABUPATEN LEBAK;CIJAKU;CIPALABUH;;;
315;BANTEN;KABUPATEN LEBAK;CIJAKU;KANDANGSAPI;;;
316;BANTEN;KABUPATEN LEBAK;CIJAKU;KAPUNDUHAN;;;
317;BANTEN;KABUPATEN LEBAK;CIJAKU;MEKARJAYA;;;
318;BANTEN;KABUPATEN LEBAK;CIJAKU;SUKASENANG;;;
319;BANTEN;KABUPATEN LEBAK;CIKULUR;ANGGALAN;;;
320;BANTEN;KABUPATEN LEBAK;CIKULUR;CIGOONG SELATAN;;;
321;BANTEN;KABUPATEN LEBAK;CIKULUR;CIGOONG UTARA;;;
322;BANTEN;KABUPATEN LEBAK;CIKULUR;CIKULUR;;;
323;BANTEN;KABUPATEN LEBAK;CIKULUR;CURUGPANJANG;;;
324;BANTEN;KABUPATEN LEBAK;CIKULUR;MUARADUA;;;
325;BANTEN;KABUPATEN LEBAK;CIKULUR;MUNCANGKOPONG;;;
326;BANTEN;KABUPATEN LEBAK;CIKULUR;PARAGE;;;
327;BANTEN;KABUPATEN LEBAK;CIKULUR;PASIR GINTUNG;;;
328;BANTEN;KABUPATEN LEBAK;CIKULUR;SUKADAYA;;;
329;BANTEN;KABUPATEN LEBAK;CIKULUR;SUKAHARJA;;;
330;BANTEN;KABUPATEN LEBAK;CIKULUR;SUMURBANDUNG;;;
331;BANTEN;KABUPATEN LEBAK;CIKULUR;TAMAN JAYA;;;
332;BANTEN;KABUPATEN LEBAK;CILELES;BANJARSARI;;;
333;BANTEN;KABUPATEN LEBAK;CILELES;CIKAREO;;;
334;BANTEN;KABUPATEN LEBAK;CILELES;CILELES;;;
335;BANTEN;KABUPATEN LEBAK;CILELES;CIPADANG;;;
336;BANTEN;KABUPATEN LEBAK;CILELES;DAROYON;;;
337;BANTEN;KABUPATEN LEBAK;CILELES;GUMURUH;;;
338;BANTEN;KABUPATEN LEBAK;CILELES;KUJANGSARI;;;
339;BANTEN;KABUPATEN LEBAK;CILELES;MARGAMULYA;;;
340;BANTEN;KABUPATEN LEBAK;CILELES;MEKARJAYA;;;
341;BANTEN;KABUPATEN LEBAK;CILELES;PARUNGKUJANG;;;
342;BANTEN;KABUPATEN LEBAK;CILELES;PASINDANGAN;;;
343;BANTEN;KABUPATEN LEBAK;CILELES;PRABUGANTUNGAN;;;
344;BANTEN;KABUPATEN LEBAK;CILOGRANG;CIBARENO;;;
345;BANTEN;KABUPATEN LEBAK;CILOGRANG;CIJENGKOL;;;
346;BANTEN;KABUPATEN LEBAK;CILOGRANG;CIKAMUNDING;;;
347;BANTEN;KABUPATEN LEBAK;CILOGRANG;CIKATOMAS;;;
348;BANTEN;KABUPATEN LEBAK;CILOGRANG;CILOGRANG;;;
349;BANTEN;KABUPATEN LEBAK;CILOGRANG;CIREUNDEU;;;
350;BANTEN;KABUPATEN LEBAK;CILOGRANG;GIRIMUKTI;;;
351;BANTEN;KABUPATEN LEBAK;CILOGRANG;GUNUNGBATU;;;
352;BANTEN;KABUPATEN LEBAK;CILOGRANG;LEBAKTIPAR;;;
353;BANTEN;KABUPATEN LEBAK;CILOGRANG;PASIRBUNGUR;;;
354;BANTEN;KABUPATEN LEBAK;CIMARGA;CIMARGA;;;
355;BANTEN;KABUPATEN LEBAK;CIMARGA;GIRIMUKTI;;;
356;BANTEN;KABUPATEN LEBAK;CIMARGA;GUNUNG ANTEN;;;
357;BANTEN;KABUPATEN LEBAK;CIMARGA;INTEN JAYA;;;
358;BANTEN;KABUPATEN LEBAK;CIMARGA;JAYAMANIK;;;
359;BANTEN;KABUPATEN LEBAK;CIMARGA;JAYASARI;;;
360;BANTEN;KABUPATEN LEBAK;CIMARGA;KARYA JAYA;;;
361;BANTEN;KABUPATEN LEBAK;CIMARGA;MARGA JAYA;;;
362;BANTEN;KABUPATEN LEBAK;CIMARGA;MARGALUYU;;;
363;BANTEN;KABUPATEN LEBAK;CIMARGA;MARGATIRTA;;;
364;BANTEN;KABUPATEN LEBAK;CIMARGA;MEKAR JAYA;;;
365;BANTEN;KABUPATEN LEBAK;CIMARGA;MEKARMULYA;;;
366;BANTEN;KABUPATEN LEBAK;CIMARGA;SANGIANG JAYA;;;
367;BANTEN;KABUPATEN LEBAK;CIMARGA;SANGKAN MANIK;;;
368;BANTEN;KABUPATEN LEBAK;CIMARGA;SARAGENI;;;
369;BANTEN;KABUPATEN LEBAK;CIMARGA;SUDAMANIK;;;
370;BANTEN;KABUPATEN LEBAK;CIMARGA;TAMBAK;;;
371;BANTEN;KABUPATEN LEBAK;CIPANAS;BINTANGRESMI;;;
372;BANTEN;KABUPATEN LEBAK;CIPANAS;BINTANGSARI;;;
373;BANTEN;KABUPATEN LEBAK;CIPANAS;CIPANAS;;;
374;BANTEN;KABUPATEN LEBAK;CIPANAS;GIRIHARJA;;;
375;BANTEN;KABUPATEN LEBAK;CIPANAS;GIRILAYA;;;
376;BANTEN;KABUPATEN LEBAK;CIPANAS;HARUMSARI;;;
377;BANTEN;KABUPATEN LEBAK;CIPANAS;HAURGAJRUG;;;
378;BANTEN;KABUPATEN LEBAK;CIPANAS;JAYAPURA;;;
379;BANTEN;KABUPATEN LEBAK;CIPANAS;LUHURJAYA;;;
380;BANTEN;KABUPATEN LEBAK;CIPANAS;MALANGSARI;;;
381;BANTEN;KABUPATEN LEBAK;CIPANAS;PASIRHAUR;;;
382;BANTEN;KABUPATEN LEBAK;CIPANAS;SIPAYUNG;;;
383;BANTEN;KABUPATEN LEBAK;CIPANAS;SUKASARI;;;
384;BANTEN;KABUPATEN LEBAK;CIPANAS;TALAGAHIANG;;;
385;BANTEN;KABUPATEN LEBAK;CIRINTEN;BADUR;;;
386;BANTEN;KABUPATEN LEBAK;CIRINTEN;CEMPAKA;;;
387;BANTEN;KABUPATEN LEBAK;CIRINTEN;CIBARANI;;;
388;BANTEN;KABUPATEN LEBAK;CIRINTEN;CIRINTEN;;;
389;BANTEN;KABUPATEN LEBAK;CIRINTEN;DATARCAE;;;
390;BANTEN;KABUPATEN LEBAK;CIRINTEN;KADUDAMAS;;;
391;BANTEN;KABUPATEN LEBAK;CIRINTEN;KARANGNUNGGAL;;;
392;BANTEN;KABUPATEN LEBAK;CIRINTEN;KAROYA;;;
393;BANTEN;KABUPATEN LEBAK;CIRINTEN;NANGERANG;;;
394;BANTEN;KABUPATEN LEBAK;CIRINTEN;PARAKANLIMA;;;
395;BANTEN;KABUPATEN LEBAK;CURUGBITUNG;CANDI;;;
396;BANTEN;KABUPATEN LEBAK;CURUGBITUNG;CIBURUY;;;
397;BANTEN;KABUPATEN LEBAK;CURUGBITUNG;CIDADAP;;;
398;BANTEN;KABUPATEN LEBAK;CURUGBITUNG;CILAYANG;;;
399;BANTEN;KABUPATEN LEBAK;CURUGBITUNG;CIPINING;;;
400;BANTEN;KABUPATEN LEBAK;CURUGBITUNG;CURUGBITUNG;;;
401;BANTEN;KABUPATEN LEBAK;CURUGBITUNG;GURADOG;;;
402;BANTEN;KABUPATEN LEBAK;CURUGBITUNG;LEBAKASIH;;;
403;BANTEN;KABUPATEN LEBAK;CURUGBITUNG;MAYAK;;;
404;BANTEN;KABUPATEN LEBAK;CURUGBITUNG;SEKARWANGI;;;
405;BANTEN;KABUPATEN LEBAK;GUNUNGKENCANA;BOJONG KONENG;;;
406;BANTEN;KABUPATEN LEBAK;GUNUNGKENCANA;BULAKAN;;;
407;BANTEN;KABUPATEN LEBAK;GUNUNGKENCANA;CIAKAR;;;
408;BANTEN;KABUPATEN LEBAK;GUNUNGKENCANA;CICARINGIN;;;
409;BANTEN;KABUPATEN LEBAK;GUNUNGKENCANA;CIGINGGANG;;;
410;BANTEN;KABUPATEN LEBAK;GUNUNGKENCANA;CIMANYANGRAY;;;
411;BANTEN;KABUPATEN LEBAK;GUNUNGKENCANA;CISAMPANG;;;
412;BANTEN;KABUPATEN LEBAK;GUNUNGKENCANA;GUNUNG KENCANA;;;
413;BANTEN;KABUPATEN LEBAK;GUNUNGKENCANA;GUNUNGKENDENG;;;
414;BANTEN;KABUPATEN LEBAK;GUNUNGKENCANA;KERAMATJAYA;;;
415;BANTEN;KABUPATEN LEBAK;GUNUNGKENCANA;SUKANEGARA;;;
416;BANTEN;KABUPATEN LEBAK;GUNUNGKENCANA;TANJUNGSARI INDAH;;;
417;BANTEN;KABUPATEN LEBAK;KALANGANYAR;AWEH;;;
418;BANTEN;KABUPATEN LEBAK;KALANGANYAR;CIKATAPIS;;;
419;BANTEN;KABUPATEN LEBAK;KALANGANYAR;CILANGKAP;;;
420;BANTEN;KABUPATEN LEBAK;KALANGANYAR;KALANGANYAR;;;
421;BANTEN;KABUPATEN LEBAK;KALANGANYAR;PASIR KUPA;;;
422;BANTEN;KABUPATEN LEBAK;KALANGANYAR;SANGIANG TANJUNG;;;
423;BANTEN;KABUPATEN LEBAK;KALANGANYAR;SUKAMEKARSARI;;;
424;BANTEN;KABUPATEN LEBAK;LEBAKGEDONG;BANJAR IRIGASI;;;
425;BANTEN;KABUPATEN LEBAK;LEBAKGEDONG;BANJARSARI;;;
426;BANTEN;KABUPATEN LEBAK;LEBAKGEDONG;CILADAEUN;;;
427;BANTEN;KABUPATEN LEBAK;LEBAKGEDONG;LEBAKGEDONG;;;
428;BANTEN;KABUPATEN LEBAK;LEBAKGEDONG;LEBAKSANGKA;;;
429;BANTEN;KABUPATEN LEBAK;LEBAKGEDONG;LEBAKSITU;;;
430;BANTEN;KABUPATEN LEBAK;LEUWIDAMAR;BOJONG MENTENG;;;
431;BANTEN;KABUPATEN LEBAK;LEUWIDAMAR;CIBUNGUR;;;
432;BANTEN;KABUPATEN LEBAK;LEUWIDAMAR;CISIMEUT;;;
433;BANTEN;KABUPATEN LEBAK;LEUWIDAMAR;CISIMEUT RAYA;;;
434;BANTEN;KABUPATEN LEBAK;LEUWIDAMAR;JALUPANG MULYA;;;
435;BANTEN;KABUPATEN LEBAK;LEUWIDAMAR;KANEKES;;;
436;BANTEN;KABUPATEN LEBAK;LEUWIDAMAR;LEBAK PARAHIANG;;;
437;BANTEN;KABUPATEN LEBAK;LEUWIDAMAR;LEUWIDAMAR;;;
438;BANTEN;KABUPATEN LEBAK;LEUWIDAMAR;MARGAWANGI;;;
439;BANTEN;KABUPATEN LEBAK;LEUWIDAMAR;NAYAGATI;;;
440;BANTEN;KABUPATEN LEBAK;LEUWIDAMAR;SANGKANWANGI;;;
441;BANTEN;KABUPATEN LEBAK;LEUWIDAMAR;WANTISARI;;;
442;BANTEN;KABUPATEN LEBAK;MAJA;BINONG;;;
443;BANTEN;KABUPATEN LEBAK;MAJA;BUYUT MEKAR;;;
444;BANTEN;KABUPATEN LEBAK;MAJA;CILANGKAP;;;
445;BANTEN;KABUPATEN LEBAK;MAJA;CURUG BADAK;;;
446;BANTEN;KABUPATEN LEBAK;MAJA;GUBUGANCIBEUREUM;;;
447;BANTEN;KABUPATEN LEBAK;MAJA;MAJA;;;
448;BANTEN;KABUPATEN LEBAK;MAJA;MAJA BARU;;;
449;BANTEN;KABUPATEN LEBAK;MAJA;MEKARSARI;;;
450;BANTEN;KABUPATEN LEBAK;MAJA;PADASUKA;;;
451;BANTEN;KABUPATEN LEBAK;MAJA;PASIR KECAPI;;;
452;BANTEN;KABUPATEN LEBAK;MAJA;PASIR KEMBANG;;;
453;BANTEN;KABUPATEN LEBAK;MAJA;SANGIANG;;;
454;BANTEN;KABUPATEN LEBAK;MAJA;SINDANGMULYA;;;
455;BANTEN;KABUPATEN LEBAK;MAJA;TANJUNG SARI;;;
456;BANTEN;KABUPATEN LEBAK;MALINGPING;BOLANG;;;
457;BANTEN;KABUPATEN LEBAK;MALINGPING;CILANGKAHAN;;;
458;BANTEN;KABUPATEN LEBAK;MALINGPING;CIPEUNDEUY;;;
459;BANTEN;KABUPATEN LEBAK;MALINGPING;KADUJAJAR;;;
460;BANTEN;KABUPATEN LEBAK;MALINGPING;KERSARATU;;;
461;BANTEN;KABUPATEN LEBAK;MALINGPING;MALINGPING SELATAN;;;
462;BANTEN;KABUPATEN LEBAK;MALINGPING;MALINGPING UTARA;;;
463;BANTEN;KABUPATEN LEBAK;MALINGPING;PAGELARAN;;;
464;BANTEN;KABUPATEN LEBAK;MALINGPING;RAHONG;;;
465;BANTEN;KABUPATEN LEBAK;MALINGPING;SANGHIANG;;;
466;BANTEN;KABUPATEN LEBAK;MALINGPING;SENANGHATI;;;
467;BANTEN;KABUPATEN LEBAK;MALINGPING;SUKAMANAH;;;
468;BANTEN;KABUPATEN LEBAK;MALINGPING;SUKARAJA;;;
469;BANTEN;KABUPATEN LEBAK;MALINGPING;SUMBER WARAS;;;
470;BANTEN;KABUPATEN LEBAK;MUNCANG;CIKARANG;;;
471;BANTEN;KABUPATEN LEBAK;MUNCANG;CIMINYAK;;;
472;BANTEN;KABUPATEN LEBAK;MUNCANG;GIRI JAGABAYA;;;
473;BANTEN;KABUPATEN LEBAK;MUNCANG;JAGARAKSA;;;
474;BANTEN;KABUPATEN LEBAK;MUNCANG;LEUWICOO;;;
475;BANTEN;KABUPATEN LEBAK;MUNCANG;MEKARWANGI;;;
476;BANTEN;KABUPATEN LEBAK;MUNCANG;MUNCANG;;;
477;BANTEN;KABUPATEN LEBAK;MUNCANG;PASIREURIH;;;
478;BANTEN;KABUPATEN LEBAK;MUNCANG;PASIRNANGKA;;;
479;BANTEN;KABUPATEN LEBAK;MUNCANG;SINDANGWANGI;;;
480;BANTEN;KABUPATEN LEBAK;MUNCANG;SUKANAGARA;;;
481;BANTEN;KABUPATEN LEBAK;MUNCANG;TANJUNGWANGI;;;
482;BANTEN;KABUPATEN LEBAK;PANGGARANGAN;CIBARENGKOK;;;
483;BANTEN;KABUPATEN LEBAK;PANGGARANGAN;CIMANDIRI;;;
484;BANTEN;KABUPATEN LEBAK;PANGGARANGAN;GUNUNG GEDE;;;
485;BANTEN;KABUPATEN LEBAK;PANGGARANGAN;HEGARMANAH;;;
486;BANTEN;KABUPATEN LEBAK;PANGGARANGAN;JATAKE;;;
487;BANTEN;KABUPATEN LEBAK;PANGGARANGAN;MEKARJAYA;;;
488;BANTEN;KABUPATEN LEBAK;PANGGARANGAN;PANGGARANGAN;;;
489;BANTEN;KABUPATEN LEBAK;PANGGARANGAN;SINDANGRATU;;;
490;BANTEN;KABUPATEN LEBAK;PANGGARANGAN;SITUREGEN;;;
491;BANTEN;KABUPATEN LEBAK;PANGGARANGAN;SOGONG;;;
492;BANTEN;KABUPATEN LEBAK;PANGGARANGAN;SUKAJADI;;;
493;BANTEN;KABUPATEN LEBAK;RANGKASBITUNG;CIJORO LEBAK;;;
494;BANTEN;KABUPATEN LEBAK;RANGKASBITUNG;CIJORO PASIR;;;
495;BANTEN;KABUPATEN LEBAK;RANGKASBITUNG;CIMANGEUNGTEUNG;;;
496;BANTEN;KABUPATEN LEBAK;RANGKASBITUNG;CITERAS;;;
497;BANTEN;KABUPATEN LEBAK;RANGKASBITUNG;JATIMULYA;;;
498;BANTEN;KABUPATEN LEBAK;RANGKASBITUNG;KOLELET WETAN;;;
499;BANTEN;KABUPATEN LEBAK;RANGKASBITUNG;MEKARSARI;;;
500;BANTEN;KABUPATEN LEBAK;RANGKASBITUNG;MUARA CIUJUNG BARAT;;;
501;BANTEN;KABUPATEN LEBAK;RANGKASBITUNG;MUARA CIUJUNG TIMUR;;;
502;BANTEN;KABUPATEN LEBAK;RANGKASBITUNG;NAMENG;;;
503;BANTEN;KABUPATEN LEBAK;RANGKASBITUNG;NARIMBANG MULIA;;;
504;BANTEN;KABUPATEN LEBAK;RANGKASBITUNG;PABUARAN;;;
505;BANTEN;KABUPATEN LEBAK;RANGKASBITUNG;PASIR TANJUNG;;;
506;BANTEN;KABUPATEN LEBAK;RANGKASBITUNG;RANGKASBITUNG BARAT;;;
507;BANTEN;KABUPATEN LEBAK;RANGKASBITUNG;RANGKASBITUNG TIMUR;;;
508;BANTEN;KABUPATEN LEBAK;RANGKASBITUNG;SUKAMANAH;;;
509;BANTEN;KABUPATEN LEBAK;SAJIRA;BUNGUR MEKAR;;;
510;BANTEN;KABUPATEN LEBAK;SAJIRA;CALUNGBUNGUR;;;
511;BANTEN;KABUPATEN LEBAK;SAJIRA;CIUYAH;;;
512;BANTEN;KABUPATEN LEBAK;SAJIRA;MARAYA;;;
513;BANTEN;KABUPATEN LEBAK;SAJIRA;MARGALUYU;;;
514;BANTEN;KABUPATEN LEBAK;SAJIRA;MEKARSARI;;;
515;BANTEN;KABUPATEN LEBAK;SAJIRA;PAJA;;;
516;BANTEN;KABUPATEN LEBAK;SAJIRA;PAJAGAN;;;
517;BANTEN;KABUPATEN LEBAK;SAJIRA;PARUNGSARI;;;
518;BANTEN;KABUPATEN LEBAK;SAJIRA;SAJIRA;;;
519;BANTEN;KABUPATEN LEBAK;SAJIRA;SAJIRAMEKAR;;;
520;BANTEN;KABUPATEN LEBAK;SAJIRA;SINDANGSARI;;;
521;BANTEN;KABUPATEN LEBAK;SAJIRA;SUKAJAYA;;;
522;BANTEN;KABUPATEN LEBAK;SAJIRA;SUKAMARGA;;;
523;BANTEN;KABUPATEN LEBAK;SAJIRA;SUKARAME;;;
524;BANTEN;KABUPATEN LEBAK;SOBANG;CIPARASI;;;
525;BANTEN;KABUPATEN LEBAK;SOBANG;CIROMPANG;;;
526;BANTEN;KABUPATEN LEBAK;SOBANG;HARIANG;;;
527;BANTEN;KABUPATEN LEBAK;SOBANG;MAJASARI;;;
528;BANTEN;KABUPATEN LEBAK;SOBANG;SINARJAYA;;;
529;BANTEN;KABUPATEN LEBAK;SOBANG;SINDANGLAYA;;;
530;BANTEN;KABUPATEN LEBAK;SOBANG;SOBANG;;;
531;BANTEN;KABUPATEN LEBAK;SOBANG;SUKAJAYA;;;
532;BANTEN;KABUPATEN LEBAK;SOBANG;SUKAMAJU;;;
533;BANTEN;KABUPATEN LEBAK;SOBANG;SUKARESMI;;;
534;BANTEN;KABUPATEN LEBAK;WANASALAM;BEJOD;;;
535;BANTEN;KABUPATEN LEBAK;WANASALAM;CIKEUSIK;;;
536;BANTEN;KABUPATEN LEBAK;WANASALAM;CILANGKAP;;;
537;BANTEN;KABUPATEN LEBAK;WANASALAM;CIPEDANG;;;
538;BANTEN;KABUPATEN LEBAK;WANASALAM;CIPEUCANG;;;
539;BANTEN;KABUPATEN LEBAK;WANASALAM;CISARAP;;;
540;BANTEN;KABUPATEN LEBAK;WANASALAM;KARANG PAMINDANGAN;;;
541;BANTEN;KABUPATEN LEBAK;WANASALAM;KETAPANG;;;
542;BANTEN;KABUPATEN LEBAK;WANASALAM;MUARA;;;
543;BANTEN;KABUPATEN LEBAK;WANASALAM;PARUNGPANJANG;;;
544;BANTEN;KABUPATEN LEBAK;WANASALAM;PARUNGSARI;;;
545;BANTEN;KABUPATEN LEBAK;WANASALAM;SUKATANI;;;
546;BANTEN;KABUPATEN LEBAK;WANASALAM;WANASALAM;;;
547;BANTEN;KABUPATEN LEBAK;WARUNGGUNUNG;BANJARSARI;;;
548;BANTEN;KABUPATEN LEBAK;WARUNGGUNUNG;BAROS;;;
549;BANTEN;KABUPATEN LEBAK;WARUNGGUNUNG;CEMPAKA;;;
550;BANTEN;KABUPATEN LEBAK;WARUNGGUNUNG;CIBUAH;;;
551;BANTEN;KABUPATEN LEBAK;WARUNGGUNUNG;JAGABAYA;;;
552;BANTEN;KABUPATEN LEBAK;WARUNGGUNUNG;PADASUKA;;;
553;BANTEN;KABUPATEN LEBAK;WARUNGGUNUNG;PASIRTANGKIL;;;
554;BANTEN;KABUPATEN LEBAK;WARUNGGUNUNG;SELARAJA;;;
555;BANTEN;KABUPATEN LEBAK;WARUNGGUNUNG;SINDANGSARI;;;
556;BANTEN;KABUPATEN LEBAK;WARUNGGUNUNG;SUKARAJA;;;
557;BANTEN;KABUPATEN LEBAK;WARUNGGUNUNG;SUKARENDAH;;;
558;BANTEN;KABUPATEN LEBAK;WARUNGGUNUNG;WARUNGGUNUNG;;;
559;BANTEN;KABUPATEN PANDEGLANG;ANGSANA;ANGSANA;;;
560;BANTEN;KABUPATEN PANDEGLANG;ANGSANA;CIKAYAS;;;
561;BANTEN;KABUPATEN PANDEGLANG;ANGSANA;CIPINANG;;;
562;BANTEN;KABUPATEN PANDEGLANG;ANGSANA;KADUBADAK;;;
563;BANTEN;KABUPATEN PANDEGLANG;ANGSANA;KARANGSARI;;;
564;BANTEN;KABUPATEN PANDEGLANG;ANGSANA;KRAMATMANIK;;;
565;BANTEN;KABUPATEN PANDEGLANG;ANGSANA;PADAHERANG;;;
566;BANTEN;KABUPATEN PANDEGLANG;ANGSANA;PADAMULYA;;;
567;BANTEN;KABUPATEN PANDEGLANG;ANGSANA;SUMURLABAN;;;
568;BANTEN;KABUPATEN PANDEGLANG;BANJAR;BANDUNG;;;
569;BANTEN;KABUPATEN PANDEGLANG;BANJAR;BANJAR;;;
570;BANTEN;KABUPATEN PANDEGLANG;BANJAR;CIBEUREUM;;;
571;BANTEN;KABUPATEN PANDEGLANG;BANJAR;CIBODAS;;;
572;BANTEN;KABUPATEN PANDEGLANG;BANJAR;CITALAHAB;;;
573;BANTEN;KABUPATEN PANDEGLANG;BANJAR;GUNUNGPUTRI;;;
574;BANTEN;KABUPATEN PANDEGLANG;BANJAR;KADUBALE;;;
575;BANTEN;KABUPATEN PANDEGLANG;BANJAR;KADULIMUS;;;
576;BANTEN;KABUPATEN PANDEGLANG;BANJAR;KADUMANEUH;;;
577;BANTEN;KABUPATEN PANDEGLANG;BANJAR;MOGANA;;;
578;BANTEN;KABUPATEN PANDEGLANG;BANJAR;PASIRAWI;;;
579;BANTEN;KABUPATEN PANDEGLANG;BOJONG;BANYUMAS;;;
580;BANTEN;KABUPATEN PANDEGLANG;BOJONG;BOJONG;;;
581;BANTEN;KABUPATEN PANDEGLANG;BOJONG;CAHAYAMEKAR;;;
582;BANTEN;KABUPATEN PANDEGLANG;BOJONG;CIJAKAN;;;
583;BANTEN;KABUPATEN PANDEGLANG;BOJONG;CITUMENGGUNG;;;
584;BANTEN;KABUPATEN PANDEGLANG;BOJONG;GEREDUG;;;
585;BANTEN;KABUPATEN PANDEGLANG;BOJONG;MANGGUNGJAYA;;;
586;BANTEN;KABUPATEN PANDEGLANG;BOJONG;MEKARSARI;;;
587;BANTEN;KABUPATEN PANDEGLANG;CADASARI;CADASARI;;;
588;BANTEN;KABUPATEN PANDEGLANG;CADASARI;CIINJUK;;;
589;BANTEN;KABUPATEN PANDEGLANG;CADASARI;CIKENTRUNG;;;
590;BANTEN;KABUPATEN PANDEGLANG;CADASARI;KADUELA;;;
591;BANTEN;KABUPATEN PANDEGLANG;CADASARI;KADUENGANG;;;
592;BANTEN;KABUPATEN PANDEGLANG;CADASARI;KAUNGCAANG;;;
593;BANTEN;KABUPATEN PANDEGLANG;CADASARI;KORANJI;;;
594;BANTEN;KABUPATEN PANDEGLANG;CADASARI;KURUNGDAHU;;;
595;BANTEN;KABUPATEN PANDEGLANG;CADASARI;PASIRPEUTEUY;;;
596;BANTEN;KABUPATEN PANDEGLANG;CADASARI;TANAGARA;;;
597;BANTEN;KABUPATEN PANDEGLANG;CADASARI;TAPOS;;;
598;BANTEN;KABUPATEN PANDEGLANG;CARITA;BANJARMASIN;;;
599;BANTEN;KABUPATEN PANDEGLANG;CARITA;CARITA;;;
600;BANTEN;KABUPATEN PANDEGLANG;CARITA;CINOYONG;;;
601;BANTEN;KABUPATEN PANDEGLANG;CARITA;KAWOYANG;;;
602;BANTEN;KABUPATEN PANDEGLANG;CARITA;PEJAMBEN;;;
603;BANTEN;KABUPATEN PANDEGLANG;CARITA;SINDANGLAUT;;;
604;BANTEN;KABUPATEN PANDEGLANG;CARITA;SUKAJADI;;;
605;BANTEN;KABUPATEN PANDEGLANG;CARITA;SUKANAGARA;;;
606;BANTEN;KABUPATEN PANDEGLANG;CARITA;SUKARAME;;;
607;BANTEN;KABUPATEN PANDEGLANG;CARITA;TEMBONG;;;
608;BANTEN;KABUPATEN PANDEGLANG;CIBALIUNG;CIBALIUNG;;;
609;BANTEN;KABUPATEN PANDEGLANG;CIBALIUNG;CIBINGBIN;;;
610;BANTEN;KABUPATEN PANDEGLANG;CIBALIUNG;CIHANJUANG;;;
611;BANTEN;KABUPATEN PANDEGLANG;CIBALIUNG;CURUG;;;
612;BANTEN;KABUPATEN PANDEGLANG;CIBALIUNG;MAHENDRA;;;
613;BANTEN;KABUPATEN PANDEGLANG;CIBALIUNG;MENDUNG;;;
614;BANTEN;KABUPATEN PANDEGLANG;CIBALIUNG;SORONGAN;;;
615;BANTEN;KABUPATEN PANDEGLANG;CIBALIUNG;SUDIMANIK;;;
616;BANTEN;KABUPATEN PANDEGLANG;CIBALIUNG;SUKAJADI;;;
617;BANTEN;KABUPATEN PANDEGLANG;CIBITUNG;CIKADU;;;
618;BANTEN;KABUPATEN PANDEGLANG;CIBITUNG;CIKALONG;;;
619;BANTEN;KABUPATEN PANDEGLANG;CIBITUNG;CIKIRUH;;;
620;BANTEN;KABUPATEN PANDEGLANG;CIBITUNG;CITELUK;;;
621;BANTEN;KABUPATEN PANDEGLANG;CIBITUNG;KIARAJANGKUNG;;;
622;BANTEN;KABUPATEN PANDEGLANG;CIBITUNG;KIARAPAYUNG;;;
623;BANTEN;KABUPATEN PANDEGLANG;CIBITUNG;KUTAKARANG;;;
624;BANTEN;KABUPATEN PANDEGLANG;CIBITUNG;MALANGNENGAH;;;
625;BANTEN;KABUPATEN PANDEGLANG;CIBITUNG;MANGLID;;;
626;BANTEN;KABUPATEN PANDEGLANG;CIBITUNG;SINDANGKERTA;;;
627;BANTEN;KABUPATEN PANDEGLANG;CIGEULIS;BANYUASIH;;;
628;BANTEN;KABUPATEN PANDEGLANG;CIGEULIS;CIGEULIS;;;
629;BANTEN;KABUPATEN PANDEGLANG;CIGEULIS;CISEUREUHEUN;;;
630;BANTEN;KABUPATEN PANDEGLANG;CIGEULIS;KARANGBOLONG;;;
631;BANTEN;KABUPATEN PANDEGLANG;CIGEULIS;KARYABUANA;;;
632;BANTEN;KABUPATEN PANDEGLANG;CIGEULIS;KATUMBIRI;;;
633;BANTEN;KABUPATEN PANDEGLANG;CIGEULIS;SINARJAYA;;;
634;BANTEN;KABUPATEN PANDEGLANG;CIGEULIS;TARUMANAGARA;;;
635;BANTEN;KABUPATEN PANDEGLANG;CIGEULIS;WARINGINJAYA;;;
636;BANTEN;KABUPATEN PANDEGLANG;CIKEDAL;BABAKANLOR;;;
637;BANTEN;KABUPATEN PANDEGLANG;CIKEDAL;BANGKUYUNG;;;
638;BANTEN;KABUPATEN PANDEGLANG;CIKEDAL;CENING;;;
639;BANTEN;KABUPATEN PANDEGLANG;CIKEDAL;CIPICUNG;;;
640;BANTEN;KABUPATEN PANDEGLANG;CIKEDAL;DAHU;;;
641;BANTEN;KABUPATEN PANDEGLANG;CIKEDAL;KARYASARI;;;
642;BANTEN;KABUPATEN PANDEGLANG;CIKEDAL;KARYAUTAMA;;;
643;BANTEN;KABUPATEN PANDEGLANG;CIKEDAL;MEKARJAYA;;;
644;BANTEN;KABUPATEN PANDEGLANG;CIKEDAL;PADAHAYU;;;
645;BANTEN;KABUPATEN PANDEGLANG;CIKEDAL;TEGAL;;;
646;BANTEN;KABUPATEN PANDEGLANG;CIKEUSIK;CIKADONGDONG;;;
647;BANTEN;KABUPATEN PANDEGLANG;CIKEUSIK;CIKEUSIK;;;
648;BANTEN;KABUPATEN PANDEGLANG;CIKEUSIK;CIKIRUHWETAN;;;
649;BANTEN;KABUPATEN PANDEGLANG;CIKEUSIK;CURUGCIUNG;;;
650;BANTEN;KABUPATEN PANDEGLANG;CIKEUSIK;LEUWIBALANG;;;
651;BANTEN;KABUPATEN PANDEGLANG;CIKEUSIK;NANGGALA;;;
652;BANTEN;KABUPATEN PANDEGLANG;CIKEUSIK;PARUNGKOKOSAN;;;
653;BANTEN;KABUPATEN PANDEGLANG;CIKEUSIK;RANCASENENG;;;
654;BANTEN;KABUPATEN PANDEGLANG;CIKEUSIK;SUKAMULYA;;;
655;BANTEN;KABUPATEN PANDEGLANG;CIKEUSIK;SUKASENENG;;;
656;BANTEN;KABUPATEN PANDEGLANG;CIKEUSIK;SUKAWARIS;;;
657;BANTEN;KABUPATEN PANDEGLANG;CIKEUSIK;SUMURBATU;;;
658;BANTEN;KABUPATEN PANDEGLANG;CIKEUSIK;TANJUNGAN;;;
659;BANTEN;KABUPATEN PANDEGLANG;CIKEUSIK;UMBULAN;;;
660;BANTEN;KABUPATEN PANDEGLANG;CIMANGGU;BATUHIDEUNG;;;
661;BANTEN;KABUPATEN PANDEGLANG;CIMANGGU;CIBADAK;;;
662;BANTEN;KABUPATEN PANDEGLANG;CIMANGGU;CIBURIAL;;;
663;BANTEN;KABUPATEN PANDEGLANG;CIMANGGU;CIJARALANG;;;
664;BANTEN;KABUPATEN PANDEGLANG;CIMANGGU;CIMANGGU;;;
665;BANTEN;KABUPATEN PANDEGLANG;CIMANGGU;KRAMATJAYA;;;
666;BANTEN;KABUPATEN PANDEGLANG;CIMANGGU;MANGKUALAM;;;
667;BANTEN;KABUPATEN PANDEGLANG;CIMANGGU;PADASUKA;;;
668;BANTEN;KABUPATEN PANDEGLANG;CIMANGGU;RANCAPINANG;;;
669;BANTEN;KABUPATEN PANDEGLANG;CIMANGGU;TANGKILSARI;;;
670;BANTEN;KABUPATEN PANDEGLANG;CIMANGGU;TUGU;;;
671;BANTEN;KABUPATEN PANDEGLANG;CIMANGGU;WARINGINKURUNG;;;
672;BANTEN;KABUPATEN PANDEGLANG;CIMANUK;BATUBANTAR;;;
673;BANTEN;KABUPATEN PANDEGLANG;CIMANUK;CIMANUK;;;
674;BANTEN;KABUPATEN PANDEGLANG;CIMANUK;DALEMBALAR;;;
675;BANTEN;KABUPATEN PANDEGLANG;CIMANUK;GUNUNGCUPU;;;
676;BANTEN;KABUPATEN PANDEGLANG;CIMANUK;GUNUNGDATAR;;;
677;BANTEN;KABUPATEN PANDEGLANG;CIMANUK;KADUBUNGBANG;;;
678;BANTEN;KABUPATEN PANDEGLANG;CIMANUK;KADUDODOL;;;
679;BANTEN;KABUPATEN PANDEGLANG;CIMANUK;KADUMADANG;;;
680;BANTEN;KABUPATEN PANDEGLANG;CIMANUK;KUPAHANDAP;;;
681;BANTEN;KABUPATEN PANDEGLANG;CIMANUK;ROCEK;;;
682;BANTEN;KABUPATEN PANDEGLANG;CIMANUK;SEKONG;;;
683;BANTEN;KABUPATEN PANDEGLANG;CIPEUCANG;BATURANJANG;;;
684;BANTEN;KABUPATEN PANDEGLANG;CIPEUCANG;CIKADUEUN;;;
685;BANTEN;KABUPATEN PANDEGLANG;CIPEUCANG;CURUGBARANG;;;
686;BANTEN;KABUPATEN PANDEGLANG;CIPEUCANG;KADUGADUNG;;;
687;BANTEN;KABUPATEN PANDEGLANG;CIPEUCANG;KALANGGUNUNG;;;
688;BANTEN;KABUPATEN PANDEGLANG;CIPEUCANG;KONCANG;;;
689;BANTEN;KABUPATEN PANDEGLANG;CIPEUCANG;PALANYAR;;;
690;BANTEN;KABUPATEN PANDEGLANG;CIPEUCANG;PARUMASAN;;;
691;BANTEN;KABUPATEN PANDEGLANG;CIPEUCANG;PASIREURIH;;;
692;BANTEN;KABUPATEN PANDEGLANG;CIPEUCANG;PASIRMAE;;;
693;BANTEN;KABUPATEN PANDEGLANG;CISATA;CIBARANI;;;
694;BANTEN;KABUPATEN PANDEGLANG;CISATA;CIHERANGJAYA;;;
695;BANTEN;KABUPATEN PANDEGLANG;CISATA;CISEREH;;;
696;BANTEN;KABUPATEN PANDEGLANG;CISATA;KADURONYOK;;;
697;BANTEN;KABUPATEN PANDEGLANG;CISATA;KONDANGJAYA;;;
698;BANTEN;KABUPATEN PANDEGLANG;CISATA;KUBANGKONDANG;;;
699;BANTEN;KABUPATEN PANDEGLANG;CISATA;PALEMBANG;;;
700;BANTEN;KABUPATEN PANDEGLANG;CISATA;PASIREURIH;;;
701;BANTEN;KABUPATEN PANDEGLANG;CISATA;RAWASARI;;;
702;BANTEN;KABUPATEN PANDEGLANG;JIPUT;BABADSARI;;;
703;BANTEN;KABUPATEN PANDEGLANG;JIPUT;BANYURESMI;;;
704;BANTEN;KABUPATEN PANDEGLANG;JIPUT;CITAMAN;;;
705;BANTEN;KABUPATEN PANDEGLANG;JIPUT;JANAKA;;;
706;BANTEN;KABUPATEN PANDEGLANG;JIPUT;JAYAMEKAR;;;
707;BANTEN;KABUPATEN PANDEGLANG;JIPUT;JIPUT;;;
708;BANTEN;KABUPATEN PANDEGLANG;JIPUT;PAMARAYAN;;;
709;BANTEN;KABUPATEN PANDEGLANG;JIPUT;SALAPRAYA;;;
710;BANTEN;KABUPATEN PANDEGLANG;JIPUT;SAMPANGBITUNG;;;
711;BANTEN;KABUPATEN PANDEGLANG;JIPUT;SIKULAN;;;
712;BANTEN;KABUPATEN PANDEGLANG;JIPUT;SUKACAI;;;
713;BANTEN;KABUPATEN PANDEGLANG;JIPUT;SUKAMANAH;;;
714;BANTEN;KABUPATEN PANDEGLANG;JIPUT;TENJOLAHANG;;;
715;BANTEN;KABUPATEN PANDEGLANG;KADUHEJO;BANJARSARI;;;
716;BANTEN;KABUPATEN PANDEGLANG;KADUHEJO;BAYUMUNDU;;;
717;BANTEN;KABUPATEN PANDEGLANG;KADUHEJO;CAMPAKA;;;
718;BANTEN;KABUPATEN PANDEGLANG;KADUHEJO;CIPUTRI;;;
719;BANTEN;KABUPATEN PANDEGLANG;KADUHEJO;KADUGEMBLO;;;
720;BANTEN;KABUPATEN PANDEGLANG;KADUHEJO;MANDALASARI;;;
721;BANTEN;KABUPATEN PANDEGLANG;KADUHEJO;PALURAHAN;;;
722;BANTEN;KABUPATEN PANDEGLANG;KADUHEJO;SANINTEN;;;
723;BANTEN;KABUPATEN PANDEGLANG;KADUHEJO;SUKAMANAH;;;
724;BANTEN;KABUPATEN PANDEGLANG;KADUHEJO;SUKASARI;;;
725;BANTEN;KABUPATEN PANDEGLANG;KARANGTANJUNG;CIGADUNG;;;
726;BANTEN;KABUPATEN PANDEGLANG;KARANGTANJUNG;JUHUT;;;
727;BANTEN;KABUPATEN PANDEGLANG;KARANGTANJUNG;KADUMERAK;;;
728;BANTEN;KABUPATEN PANDEGLANG;KARANGTANJUNG;PAGADUNGAN;;;
729;BANTEN;KABUPATEN PANDEGLANG;KORONCONG;AWILEGA;;;
730;BANTEN;KABUPATEN PANDEGLANG;KORONCONG;BANGKONOL;;;
731;BANTEN;KABUPATEN PANDEGLANG;KORONCONG;GERENDONG;;;
732;BANTEN;KABUPATEN PANDEGLANG;KORONCONG;KARANGSETRA;;;
733;BANTEN;KABUPATEN PANDEGLANG;KORONCONG;KORONCONG;;;
734;BANTEN;KABUPATEN PANDEGLANG;KORONCONG;PAKULURAN;;;
735;BANTEN;KABUPATEN PANDEGLANG;KORONCONG;PANIIS;;;
736;BANTEN;KABUPATEN PANDEGLANG;KORONCONG;PASIRJAKSA;;;
737;BANTEN;KABUPATEN PANDEGLANG;KORONCONG;PASIRKARAG;;;
738;BANTEN;KABUPATEN PANDEGLANG;KORONCONG;SETRAJAYA;;;
739;BANTEN;KABUPATEN PANDEGLANG;KORONCONG;SUKAJAYA;;;
740;BANTEN;KABUPATEN PANDEGLANG;KORONCONG;TEGALONGOK;;;
741;BANTEN;KABUPATEN PANDEGLANG;LABUAN;BANYUBIRU;;;
742;BANTEN;KABUPATEN PANDEGLANG;LABUAN;BANYUMEKAR;;;
743;BANTEN;KABUPATEN PANDEGLANG;LABUAN;CARINGIN;;;
744;BANTEN;KABUPATEN PANDEGLANG;LABUAN;CIGONDANG;;;
745;BANTEN;KABUPATEN PANDEGLANG;LABUAN;KALANGANYAR;;;
746;BANTEN;KABUPATEN PANDEGLANG;LABUAN;LABUAN;;;
747;BANTEN;KABUPATEN PANDEGLANG;LABUAN;RANCATEUREUP;;;
748;BANTEN;KABUPATEN PANDEGLANG;LABUAN;SUKAMAJU;;;
749;BANTEN;KABUPATEN PANDEGLANG;LABUAN;TELUK;;;
750;BANTEN;KABUPATEN PANDEGLANG;MAJASARI;CILAJA;;;
751;BANTEN;KABUPATEN PANDEGLANG;MAJASARI;KARATON;;;
752;BANTEN;KABUPATEN PANDEGLANG;MAJASARI;PAGERBATU;;;
753;BANTEN;KABUPATEN PANDEGLANG;MAJASARI;SARUNI;;;
754;BANTEN;KABUPATEN PANDEGLANG;MAJASARI;SUKARATU;;;
755;BANTEN;KABUPATEN PANDEGLANG;MANDALAWANGI;CIKONENG;;;
756;BANTEN;KABUPATEN PANDEGLANG;MANDALAWANGI;CIKUMBUEUN;;;
757;BANTEN;KABUPATEN PANDEGLANG;MANDALAWANGI;CURUGLEMO;;;
758;BANTEN;KABUPATEN PANDEGLANG;MANDALAWANGI;GIRIPAWANA;;;
759;BANTEN;KABUPATEN PANDEGLANG;MANDALAWANGI;GUNUNGSARI;;;
760;BANTEN;KABUPATEN PANDEGLANG;MANDALAWANGI;KURUNGKAMBING;;;
761;BANTEN;KABUPATEN PANDEGLANG;MANDALAWANGI;MANDALASARI;;;
762;BANTEN;KABUPATEN PANDEGLANG;MANDALAWANGI;MANDALAWANGI;;;
763;BANTEN;KABUPATEN PANDEGLANG;MANDALAWANGI;NEMBOL;;;
764;BANTEN;KABUPATEN PANDEGLANG;MANDALAWANGI;PANDAT;;;
765;BANTEN;KABUPATEN PANDEGLANG;MANDALAWANGI;PANJANGJAYA;;;
766;BANTEN;KABUPATEN PANDEGLANG;MANDALAWANGI;PARI;;;
767;BANTEN;KABUPATEN PANDEGLANG;MANDALAWANGI;RAMEA;;;
768;BANTEN;KABUPATEN PANDEGLANG;MANDALAWANGI;SINARJAYA;;;
769;BANTEN;KABUPATEN PANDEGLANG;MANDALAWANGI;SIRNAGALIH;;;
770;BANTEN;KABUPATEN PANDEGLANG;MEKARJAYA;KADUBELANG;;;
771;BANTEN;KABUPATEN PANDEGLANG;MEKARJAYA;KADUJANGKUNG;;;
772;BANTEN;KABUPATEN PANDEGLANG;MEKARJAYA;MEDONG;;;
773;BANTEN;KABUPATEN PANDEGLANG;MEKARJAYA;MEKARJAYA;;;
774;BANTEN;KABUPATEN PANDEGLANG;MEKARJAYA;PAREANG;;;
775;BANTEN;KABUPATEN PANDEGLANG;MEKARJAYA;RANCABUGEL;;;
776;BANTEN;KABUPATEN PANDEGLANG;MEKARJAYA;SUKAMULYA;;;
777;BANTEN;KABUPATEN PANDEGLANG;MEKARJAYA;WIRASINGA;;;
778;BANTEN;KABUPATEN PANDEGLANG;MENES;ALASWANGI;;;
779;BANTEN;KABUPATEN PANDEGLANG;MENES;CIGANDENG;;;
780;BANTEN;KABUPATEN PANDEGLANG;MENES;CILABANBULAN;;;
781;BANTEN;KABUPATEN PANDEGLANG;MENES;KADUPAYUNG;;;
782;BANTEN;KABUPATEN PANDEGLANG;MENES;KANANGA;;;
783;BANTEN;KABUPATEN PANDEGLANG;MENES;MENES;;;
784;BANTEN;KABUPATEN PANDEGLANG;MENES;MURUY;;;
785;BANTEN;KABUPATEN PANDEGLANG;MENES;PURWARAJA;;;
786;BANTEN;KABUPATEN PANDEGLANG;MENES;SINDANGKARYA;;;
787;BANTEN;KABUPATEN PANDEGLANG;MENES;SUKAMANAH;;;
788;BANTEN;KABUPATEN PANDEGLANG;MENES;TEGALWANGI;;;
789;BANTEN;KABUPATEN PANDEGLANG;MUNJUL;CIBITUNG;;;
790;BANTEN;KABUPATEN PANDEGLANG;MUNJUL;CURUGLANGLANG;;;
791;BANTEN;KABUPATEN PANDEGLANG;MUNJUL;GUNUNGBATU;;;
792;BANTEN;KABUPATEN PANDEGLANG;MUNJUL;KOTADUKUH;;;
793;BANTEN;KABUPATEN PANDEGLANG;MUNJUL;LEBAK;;;
794;BANTEN;KABUPATEN PANDEGLANG;MUNJUL;MUNJUL;;;
795;BANTEN;KABUPATEN PANDEGLANG;MUNJUL;PANACARAN;;;
796;BANTEN;KABUPATEN PANDEGLANG;MUNJUL;PASANGGRAHAN;;;
797;BANTEN;KABUPATEN PANDEGLANG;MUNJUL;SUKASABA;;;
798;BANTEN;KABUPATEN PANDEGLANG;PAGELARAN;BAMA;;;
799;BANTEN;KABUPATEN PANDEGLANG;PAGELARAN;BULAGOR;;;
800;BANTEN;KABUPATEN PANDEGLANG;PAGELARAN;HARAPANKARYA;;;
801;BANTEN;KABUPATEN PANDEGLANG;PAGELARAN;KARTASANA;;;
802;BANTEN;KABUPATEN PANDEGLANG;PAGELARAN;MARGAGIRI;;;
803;BANTEN;KABUPATEN PANDEGLANG;PAGELARAN;MARGASANA;;;
804;BANTEN;KABUPATEN PANDEGLANG;PAGELARAN;MONTOR;;;
805;BANTEN;KABUPATEN PANDEGLANG;PAGELARAN;PAGELARAN;;;
806;BANTEN;KABUPATEN PANDEGLANG;PAGELARAN;SENANGSARI;;;
807;BANTEN;KABUPATEN PANDEGLANG;PAGELARAN;SINDANGLAYA;;;
808;BANTEN;KABUPATEN PANDEGLANG;PAGELARAN;SUKADAME;;;
809;BANTEN;KABUPATEN PANDEGLANG;PAGELARAN;SURAKARTA;;;
810;BANTEN;KABUPATEN PANDEGLANG;PAGELARAN;TEGALPAPAK;;;
811;BANTEN;KABUPATEN PANDEGLANG;PANDEGLANG;BABAKAN KALANGANYAR;;;
812;BANTEN;KABUPATEN PANDEGLANG;PANDEGLANG;KABAYAN;;;
813;BANTEN;KABUPATEN PANDEGLANG;PANDEGLANG;KADOMAS;;;
814;BANTEN;KABUPATEN PANDEGLANG;PANDEGLANG;PANDEGLANG;;;
815;BANTEN;KABUPATEN PANDEGLANG;PANIMBANG;CITEUREUP;;;
816;BANTEN;KABUPATEN PANDEGLANG;PANIMBANG;GOMBONG;;;
817;BANTEN;KABUPATEN PANDEGLANG;PANIMBANG;MEKARJAYA;;;
818;BANTEN;KABUPATEN PANDEGLANG;PANIMBANG;MEKARSARI;;;
819;BANTEN;KABUPATEN PANDEGLANG;PANIMBANG;PANIMBANGJAYA;;;
820;BANTEN;KABUPATEN PANDEGLANG;PANIMBANG;TANJUNGJAYA;;;
821;BANTEN;KABUPATEN PANDEGLANG;PATIA;BABAKANKEUSIK;;;
822;BANTEN;KABUPATEN PANDEGLANG;PATIA;CIAWI;;;
823;BANTEN;KABUPATEN PANDEGLANG;PATIA;CIMOYAN;;;
824;BANTEN;KABUPATEN PANDEGLANG;PATIA;IDAMAN;;;
825;BANTEN;KABUPATEN PANDEGLANG;PATIA;PASIRGADUNG;;;
826;BANTEN;KABUPATEN PANDEGLANG;PATIA;PATIA;;;
827;BANTEN;KABUPATEN PANDEGLANG;PATIA;RAHAYU;;;
828;BANTEN;KABUPATEN PANDEGLANG;PATIA;SURIANEUN;;;
829;BANTEN;KABUPATEN PANDEGLANG;PATIA;TURUS;;;
830;BANTEN;KABUPATEN PANDEGLANG;PICUNG;BUNGURCOPONG;;;
831;BANTEN;KABUPATEN PANDEGLANG;PICUNG;CIHERANG;;;
832;BANTEN;KABUPATEN PANDEGLANG;PICUNG;CILILITAN;;;
833;BANTEN;KABUPATEN PANDEGLANG;PICUNG;KADUBERA;;;
834;BANTEN;KABUPATEN PANDEGLANG;PICUNG;KADUPANDAK;;;
835;BANTEN;KABUPATEN PANDEGLANG;PICUNG;KOLELET;;;
836;BANTEN;KABUPATEN PANDEGLANG;PICUNG;PASIRPANJANG;;;
837;BANTEN;KABUPATEN PANDEGLANG;PICUNG;PASIRSEDANG;;;
838;BANTEN;KABUPATEN PANDEGLANG;PULOSARI;BANJARNEGARA;;;
839;BANTEN;KABUPATEN PANDEGLANG;PULOSARI;BANJARWANGI;;;
840;BANTEN;KABUPATEN PANDEGLANG;PULOSARI;CILENTUNG;;;
841;BANTEN;KABUPATEN PANDEGLANG;PULOSARI;KADUHEJO;;;
842;BANTEN;KABUPATEN PANDEGLANG;PULOSARI;KARYAWANGI;;;
843;BANTEN;KABUPATEN PANDEGLANG;PULOSARI;KORANJI;;;
844;BANTEN;KABUPATEN PANDEGLANG;PULOSARI;SANGHIANGDENGDEK;;;
845;BANTEN;KABUPATEN PANDEGLANG;PULOSARI;SUKARAJA;;;
846;BANTEN;KABUPATEN PANDEGLANG;PULOSARI;SUKASARI;;;
847;BANTEN;KABUPATEN PANDEGLANG;SAKETI;CIANDUR;;;
848;BANTEN;KABUPATEN PANDEGLANG;SAKETI;GIRIJAYA;;;
849;BANTEN;KABUPATEN PANDEGLANG;SAKETI;KADUDAMPIT;;;
850;BANTEN;KABUPATEN PANDEGLANG;SAKETI;LANGENSARI;;;
851;BANTEN;KABUPATEN PANDEGLANG;SAKETI;MAJAU;;;
852;BANTEN;KABUPATEN PANDEGLANG;SAKETI;MEDALSARI;;;
853;BANTEN;KABUPATEN PANDEGLANG;SAKETI;MEKARWANGI;;;
854;BANTEN;KABUPATEN PANDEGLANG;SAKETI;PARIGI;;;
855;BANTEN;KABUPATEN PANDEGLANG;SAKETI;SAKETI;;;
856;BANTEN;KABUPATEN PANDEGLANG;SAKETI;SINDANGHAYU;;;
857;BANTEN;KABUPATEN PANDEGLANG;SAKETI;SODONG;;;
858;BANTEN;KABUPATEN PANDEGLANG;SAKETI;SUKALANGU;;;
859;BANTEN;KABUPATEN PANDEGLANG;SAKETI;TALAGASARI;;;
860;BANTEN;KABUPATEN PANDEGLANG;SAKETI;WANAGIRI;;;
861;BANTEN;KABUPATEN PANDEGLANG;SINDANGRESMI;BOJONGMANIK;;;
862;BANTEN;KABUPATEN PANDEGLANG;SINDANGRESMI;CAMPAKAWARNA;;;
863;BANTEN;KABUPATEN PANDEGLANG;SINDANGRESMI;CIODENG;;;
864;BANTEN;KABUPATEN PANDEGLANG;SINDANGRESMI;KADUMALATI;;;
865;BANTEN;KABUPATEN PANDEGLANG;SINDANGRESMI;PASIRDURUNG;;;
866;BANTEN;KABUPATEN PANDEGLANG;SINDANGRESMI;PASIRLANCAR;;;
867;BANTEN;KABUPATEN PANDEGLANG;SINDANGRESMI;PASIRLOA;;;
868;BANTEN;KABUPATEN PANDEGLANG;SINDANGRESMI;PASIRTENJO;;;
869;BANTEN;KABUPATEN PANDEGLANG;SINDANGRESMI;SINDANGRESMI;;;
870;BANTEN;KABUPATEN PANDEGLANG;SOBANG;BOJEN;;;
871;BANTEN;KABUPATEN PANDEGLANG;SOBANG;CIMANIS;;;
872;BANTEN;KABUPATEN PANDEGLANG;SOBANG;KERTARAHARJA;;;
873;BANTEN;KABUPATEN PANDEGLANG;SOBANG;KUTAMEKAR;;;
874;BANTEN;KABUPATEN PANDEGLANG;SOBANG;PANGKALAN;;;
875;BANTEN;KABUPATEN PANDEGLANG;SOBANG;SOBANG;;;
876;BANTEN;KABUPATEN PANDEGLANG;SOBANG;TELUKLADA;;;
877;BANTEN;KABUPATEN PANDEGLANG;SUKARESMI;CIBUNGUR;;;
878;BANTEN;KABUPATEN PANDEGLANG;SUKARESMI;CIKUYA;;;
879;BANTEN;KABUPATEN PANDEGLANG;SUKARESMI;KARYASARI;;;
880;BANTEN;KABUPATEN PANDEGLANG;SUKARESMI;KUBANGKAMPIL;;;
881;BANTEN;KABUPATEN PANDEGLANG;SUKARESMI;PASIRKADU;;;
882;BANTEN;KABUPATEN PANDEGLANG;SUKARESMI;PERDANA;;;
883;BANTEN;KABUPATEN PANDEGLANG;SUKARESMI;SEUSEUPAN;;;
884;BANTEN;KABUPATEN PANDEGLANG;SUKARESMI;SIDAMUKTI;;;
885;BANTEN;KABUPATEN PANDEGLANG;SUKARESMI;SUKARESMI;;;
886;BANTEN;KABUPATEN PANDEGLANG;SUKARESMI;WERU;;;
887;BANTEN;KABUPATEN PANDEGLANG;SUMUR;CIGORONDONG;;;
888;BANTEN;KABUPATEN PANDEGLANG;SUMUR;KERTAJAYA;;;
889;BANTEN;KABUPATEN PANDEGLANG;SUMUR;KERTAMUKTI;;;
890;BANTEN;KABUPATEN PANDEGLANG;SUMUR;SUMBERJAYA;;;
891;BANTEN;KABUPATEN PANDEGLANG;SUMUR;TAMANJAYA;;;
892;BANTEN;KABUPATEN PANDEGLANG;SUMUR;TUNGGALJAYA;;;
893;BANTEN;KABUPATEN PANDEGLANG;SUMUR;UJUNGJAYA;;;
894;BANTEN;KABUPATEN SERANG;ANYAR;ANYAR;;;
895;BANTEN;KABUPATEN SERANG;ANYAR;BANDULU;;;
896;BANTEN;KABUPATEN SERANG;ANYAR;BANJARSARI;;;
897;BANTEN;KABUPATEN SERANG;ANYAR;BUNIHARA;;;
898;BANTEN;KABUPATEN SERANG;ANYAR;CIKONENG;;;
899;BANTEN;KABUPATEN SERANG;ANYAR;KOSAMBI RONYOK;;;
900;BANTEN;KABUPATEN SERANG;ANYAR;MEKARSARI;;;
901;BANTEN;KABUPATEN SERANG;ANYAR;SINDANGKARYA;;;
902;BANTEN;KABUPATEN SERANG;ANYAR;SINDANGMANDI;;;
903;BANTEN;KABUPATEN SERANG;ANYAR;TANJUNGMANIS;;;
904;BANTEN;KABUPATEN SERANG;BANDUNG;BABAKAN;;;
905;BANTEN;KABUPATEN SERANG;BANDUNG;BANDUNG;;;
906;BANTEN;KABUPATEN SERANG;BANDUNG;BLOKANG;;;
907;BANTEN;KABUPATEN SERANG;BANDUNG;MALABAR;;;
908;BANTEN;KABUPATEN SERANG;BANDUNG;MANDER;;;
909;BANTEN;KABUPATEN SERANG;BANDUNG;PANAMPING;;;
910;BANTEN;KABUPATEN SERANG;BANDUNG;PANGAWINAN;;;
911;BANTEN;KABUPATEN SERANG;BANDUNG;PRINGWULUNG;;;
912;BANTEN;KABUPATEN SERANG;BAROS;BAROS;;;
913;BANTEN;KABUPATEN SERANG;BAROS;CISALAM;;;
914;BANTEN;KABUPATEN SERANG;BAROS;CURUG AGUNG;;;
915;BANTEN;KABUPATEN SERANG;BAROS;PADASUKA;;;
916;BANTEN;KABUPATEN SERANG;BAROS;PANYIRAPAN;;;
917;BANTEN;KABUPATEN SERANG;BAROS;SIDAMUKTI;;;
918;BANTEN;KABUPATEN SERANG;BAROS;SINARMUKTI;;;
919;BANTEN;KABUPATEN SERANG;BAROS;SINDANGMANDI;;;
920;BANTEN;KABUPATEN SERANG;BAROS;SUKA INDAH;;;
921;BANTEN;KABUPATEN SERANG;BAROS;SUKACAI;;;
922;BANTEN;KABUPATEN SERANG;BAROS;SUKAMANAH;;;
923;BANTEN;KABUPATEN SERANG;BAROS;SUKAMENAK;;;
924;BANTEN;KABUPATEN SERANG;BAROS;TAMANSARI;;;
925;BANTEN;KABUPATEN SERANG;BAROS;TEJAMARI;;;
926;BANTEN;KABUPATEN SERANG;BINUANG;BINUANG;;;
927;BANTEN;KABUPATEN SERANG;BINUANG;CAKUNG;;;
928;BANTEN;KABUPATEN SERANG;BINUANG;GEMBOR;;;
929;BANTEN;KABUPATEN SERANG;BINUANG;LAMARAN;;;
930;BANTEN;KABUPATEN SERANG;BINUANG;RENGED;;;
931;BANTEN;KABUPATEN SERANG;BINUANG;SUKAMAMPIR;;;
932;BANTEN;KABUPATEN SERANG;BINUANG;WARAKAS;;;
933;BANTEN;KABUPATEN SERANG;BOJONEGARA;BOJONEGARA;;;
934;BANTEN;KABUPATEN SERANG;BOJONEGARA;KARANGKEPUH;;;
935;BANTEN;KABUPATEN SERANG;BOJONEGARA;KERTASANA;;;
936;BANTEN;KABUPATEN SERANG;BOJONEGARA;LAMBANGSARI;;;
937;BANTEN;KABUPATEN SERANG;BOJONEGARA;MANGKUNEGARA;;;
938;BANTEN;KABUPATEN SERANG;BOJONEGARA;MARGAGIRI;;;
939;BANTEN;KABUPATEN SERANG;BOJONEGARA;PAKUNCEN;;;
940;BANTEN;KABUPATEN SERANG;BOJONEGARA;PENGARENGAN;;;
941;BANTEN;KABUPATEN SERANG;BOJONEGARA;UKIRSARI;;;
942;BANTEN;KABUPATEN SERANG;BOJONEGARA;WANAKARTA;;;
943;BANTEN;KABUPATEN SERANG;CARENANG;BOLANG;;;
944;BANTEN;KABUPATEN SERANG;CARENANG;CARENANG;;;
945;BANTEN;KABUPATEN SERANG;CARENANG;MANDAYA;;;
946;BANTEN;KABUPATEN SERANG;CARENANG;MEKARSARI;;;
947;BANTEN;KABUPATEN SERANG;CARENANG;PAMANUK;;;
948;BANTEN;KABUPATEN SERANG;CARENANG;PANENJOAN;;;
949;BANTEN;KABUPATEN SERANG;CARENANG;PURWADADI;;;
950;BANTEN;KABUPATEN SERANG;CARENANG;RAGASMESIGIT;;;
951;BANTEN;KABUPATEN SERANG;CARENANG;TERAS;;;
952;BANTEN;KABUPATEN SERANG;CARENANG;WALIKUKUN;;;
953;BANTEN;KABUPATEN SERANG;CIKANDE;BAKUNG;;;
954;BANTEN;KABUPATEN SERANG;CIKANDE;CIKANDE;;;
955;BANTEN;KABUPATEN SERANG;CIKANDE;GEMBOR UDIK;;;
956;BANTEN;KABUPATEN SERANG;CIKANDE;JULANG;;;
957;BANTEN;KABUPATEN SERANG;CIKANDE;KAMURANG;;;
958;BANTEN;KABUPATEN SERANG;CIKANDE;KOPER;;;
959;BANTEN;KABUPATEN SERANG;CIKANDE;LEUWILIMUS;;;
960;BANTEN;KABUPATEN SERANG;CIKANDE;NAMBO UDIK;;;
961;BANTEN;KABUPATEN SERANG;CIKANDE;PARIGI;;;
962;BANTEN;KABUPATEN SERANG;CIKANDE;SITUTERATE;;;
963;BANTEN;KABUPATEN SERANG;CIKANDE;SONGGOM JAYA;;;
964;BANTEN;KABUPATEN SERANG;CIKANDE;SUKATANI;;;
965;BANTEN;KABUPATEN SERANG;CIKEUSAL;BANTAR PANJANG;;;
966;BANTEN;KABUPATEN SERANG;CIKEUSAL;CIKEUSAL;;;
967;BANTEN;KABUPATEN SERANG;CIKEUSAL;CILAYANG;;;
968;BANTEN;KABUPATEN SERANG;CIKEUSAL;CIMAUNG;;;
969;BANTEN;KABUPATEN SERANG;CIKEUSAL;DAHU;;;
970;BANTEN;KABUPATEN SERANG;CIKEUSAL;GANDAYASA;;;
971;BANTEN;KABUPATEN SERANG;CIKEUSAL;HARUNDANG;;;
972;BANTEN;KABUPATEN SERANG;CIKEUSAL;KATULISAN;;;
973;BANTEN;KABUPATEN SERANG;CIKEUSAL;MONGPOK;;;
974;BANTEN;KABUPATEN SERANG;CIKEUSAL;PANOSOGAN;;;
975;BANTEN;KABUPATEN SERANG;CIKEUSAL;PANYABRANGAN;;;
976;BANTEN;KABUPATEN SERANG;CIKEUSAL;SUKAMAJU;;;
977;BANTEN;KABUPATEN SERANG;CIKEUSAL;SUKAMENAK;;;
978;BANTEN;KABUPATEN SERANG;CIKEUSAL;SUKARAME;;;
979;BANTEN;KABUPATEN SERANG;CIKEUSAL;SUKARATU;;;
980;BANTEN;KABUPATEN SERANG;CINANGKA;BANTARWANGI;;;
981;BANTEN;KABUPATEN SERANG;CINANGKA;BANTARWARU;;;
982;BANTEN;KABUPATEN SERANG;CINANGKA;BULAKAN;;;
983;BANTEN;KABUPATEN SERANG;CINANGKA;CIKOLELET;;;
984;BANTEN;KABUPATEN SERANG;CINANGKA;CINANGKA;;;
985;BANTEN;KABUPATEN SERANG;CINANGKA;KAMASAN;;;
986;BANTEN;KABUPATEN SERANG;CINANGKA;KARANG SURAGA;;;
987;BANTEN;KABUPATEN SERANG;CINANGKA;KUBANG BAROS;;;
988;BANTEN;KABUPATEN SERANG;CINANGKA;MEKARSARI;;;
989;BANTEN;KABUPATEN SERANG;CINANGKA;PASAURAN;;;
990;BANTEN;KABUPATEN SERANG;CINANGKA;RANCASANGGAL;;;
991;BANTEN;KABUPATEN SERANG;CINANGKA;SINDANGLAYA;;;
992;BANTEN;KABUPATEN SERANG;CINANGKA;UMBUL TANJUNG;;;
993;BANTEN;KABUPATEN SERANG;CIOMAS;CEMPLANG;;;
994;BANTEN;KABUPATEN SERANG;CIOMAS;CISITU;;;
995;BANTEN;KABUPATEN SERANG;CIOMAS;CITAMAN;;;
996;BANTEN;KABUPATEN SERANG;CIOMAS;LEBAK;;;
997;BANTEN;KABUPATEN SERANG;CIOMAS;PANYAUNGAN JAYA;;;
998;BANTEN;KABUPATEN SERANG;CIOMAS;PONDOK KAHURU;;;
999;BANTEN;KABUPATEN SERANG;CIOMAS;SIKETUG;;;
1000;BANTEN;KABUPATEN SERANG;CIOMAS;SUKABARES;;;
1001;BANTEN;KABUPATEN SERANG;CIOMAS;SUKADANA;;;
1002;BANTEN;KABUPATEN SERANG;CIOMAS;SUKARENA;;;
1003;BANTEN;KABUPATEN SERANG;CIOMAS;UJUNGTEBU;;;
1004;BANTEN;KABUPATEN SERANG;CIRUAS;BEBERAN;;;
1005;BANTEN;KABUPATEN SERANG;CIRUAS;BUMIJAYA;;;
1006;BANTEN;KABUPATEN SERANG;CIRUAS;CIGELAM;;;
1007;BANTEN;KABUPATEN SERANG;CIRUAS;CIRUAS;;;
1008;BANTEN;KABUPATEN SERANG;CIRUAS;CITEREP;;;
1009;BANTEN;KABUPATEN SERANG;CIRUAS;GOSARA;;;
1010;BANTEN;KABUPATEN SERANG;CIRUAS;KADIKARAN;;;
1011;BANTEN;KABUPATEN SERANG;CIRUAS;KEBONRATU;;;
1012;BANTEN;KABUPATEN SERANG;CIRUAS;KEPANDEAN;;;
1013;BANTEN;KABUPATEN SERANG;CIRUAS;KESERANGAN;;;
1014;BANTEN;KABUPATEN SERANG;CIRUAS;PAMONG;;;
1015;BANTEN;KABUPATEN SERANG;CIRUAS;PELAWAD;;;
1016;BANTEN;KABUPATEN SERANG;CIRUAS;PENGGALANG;;;
1017;BANTEN;KABUPATEN SERANG;CIRUAS;PULO;;;
1018;BANTEN;KABUPATEN SERANG;CIRUAS;RANJENG;;;
1019;BANTEN;KABUPATEN SERANG;CIRUAS;SINGAMERTA;;;
1020;BANTEN;KABUPATEN SERANG;CIRUAS;TIREM;;;
1021;BANTEN;KABUPATEN SERANG;GUNUNGSARI;CIHERANG;;;
1022;BANTEN;KABUPATEN SERANG;GUNUNGSARI;CURUG SULANJANA;;;
1023;BANTEN;KABUPATEN SERANG;GUNUNGSARI;GUNUNGSARI;;;
1024;BANTEN;KABUPATEN SERANG;GUNUNGSARI;KADU AGUNG;;;
1025;BANTEN;KABUPATEN SERANG;GUNUNGSARI;LUWUK;;;
1026;BANTEN;KABUPATEN SERANG;GUNUNGSARI;SUKALABA;;;
1027;BANTEN;KABUPATEN SERANG;GUNUNGSARI;TAMIANG;;;
1028;BANTEN;KABUPATEN SERANG;JAWILAN;BOJOT;;;
1029;BANTEN;KABUPATEN SERANG;JAWILAN;CEMPLANG;;;
1030;BANTEN;KABUPATEN SERANG;JAWILAN;JAWILAN;;;
1031;BANTEN;KABUPATEN SERANG;JAWILAN;JUNTI;;;
1032;BANTEN;KABUPATEN SERANG;JAWILAN;KAREO;;;
1033;BANTEN;KABUPATEN SERANG;JAWILAN;MAJASARI;;;
1034;BANTEN;KABUPATEN SERANG;JAWILAN;PAGINTUNGAN;;;
1035;BANTEN;KABUPATEN SERANG;JAWILAN;PARAKAN;;;
1036;BANTEN;KABUPATEN SERANG;JAWILAN;PASIRBUYUT;;;
1037;BANTEN;KABUPATEN SERANG;KIBIN;BARENGKOK;;;
1038;BANTEN;KABUPATEN SERANG;KIBIN;CIAGEL;;;
1039;BANTEN;KABUPATEN SERANG;KIBIN;CIJERUK;;;
1040;BANTEN;KABUPATEN SERANG;KIBIN;KETOS;;;
1041;BANTEN;KABUPATEN SERANG;KIBIN;KIBIN;;;
1042;BANTEN;KABUPATEN SERANG;KIBIN;NAGARA;;;
1043;BANTEN;KABUPATEN SERANG;KIBIN;NAMBO ILIR;;;
1044;BANTEN;KABUPATEN SERANG;KIBIN;SUKAMAJU;;;
1045;BANTEN;KABUPATEN SERANG;KIBIN;TAMBAK;;;
1046;BANTEN;KABUPATEN SERANG;KOPO;BABAKAN JAYA;;;
1047;BANTEN;KABUPATEN SERANG;KOPO;CARENANG UDIK;;;
1048;BANTEN;KABUPATEN SERANG;KOPO;CIDAHU;;;
1049;BANTEN;KABUPATEN SERANG;KOPO;GABUS;;;
1050;BANTEN;KABUPATEN SERANG;KOPO;GARUT;;;
1051;BANTEN;KABUPATEN SERANG;KOPO;KOPO;;;
1052;BANTEN;KABUPATEN SERANG;KOPO;MEKARBARU;;;
1053;BANTEN;KABUPATEN SERANG;KOPO;NANGGUNG;;;
1054;BANTEN;KABUPATEN SERANG;KOPO;NYOMPOK;;;
1055;BANTEN;KABUPATEN SERANG;KOPO;RANCASUMUR;;;
1056;BANTEN;KABUPATEN SERANG;KRAGILAN;CISAIT;;;
1057;BANTEN;KABUPATEN SERANG;KRAGILAN;DUKUH;;;
1058;BANTEN;KABUPATEN SERANG;KRAGILAN;JERUKTIPIS;;;
1059;BANTEN;KABUPATEN SERANG;KRAGILAN;KAMARUTON;;;
1060;BANTEN;KABUPATEN SERANG;KRAGILAN;KENDAYAKAN;;;
1061;BANTEN;KABUPATEN SERANG;KRAGILAN;KRAGILAN;;;
1062;BANTEN;KABUPATEN SERANG;KRAGILAN;KRAMATJATI;;;
1063;BANTEN;KABUPATEN SERANG;KRAGILAN;PEMATANG;;;
1064;BANTEN;KABUPATEN SERANG;KRAGILAN;SENTUL;;;
1065;BANTEN;KABUPATEN SERANG;KRAGILAN;SILEBU;;;
1066;BANTEN;KABUPATEN SERANG;KRAGILAN;SUKAJADI;;;
1067;BANTEN;KABUPATEN SERANG;KRAGILAN;TEGALMAJA;;;
1068;BANTEN;KABUPATEN SERANG;KRAGILAN;TERASBENDUNG;;;
1069;BANTEN;KABUPATEN SERANG;KRAGILAN;UNDAR ANDIR;;;
1070;BANTEN;KABUPATEN SERANG;KRAMATWATU;HARJATANI;;;
1071;BANTEN;KABUPATEN SERANG;KRAMATWATU;KRAMATWATU;;;
1072;BANTEN;KABUPATEN SERANG;KRAMATWATU;LEBAKWANA;;;
1073;BANTEN;KABUPATEN SERANG;KRAMATWATU;MARGASANA;;;
1074;BANTEN;KABUPATEN SERANG;KRAMATWATU;MARGATANI;;;
1075;BANTEN;KABUPATEN SERANG;KRAMATWATU;PAMENGKANG;;;
1076;BANTEN;KABUPATEN SERANG;KRAMATWATU;PEGADINGAN;;;
1077;BANTEN;KABUPATEN SERANG;KRAMATWATU;PEJATEN;;;
1078;BANTEN;KABUPATEN SERANG;KRAMATWATU;PELAMUNAN;;;
1079;BANTEN;KABUPATEN SERANG;KRAMATWATU;SERDANG;;;
1080;BANTEN;KABUPATEN SERANG;KRAMATWATU;TELUK TERATE;;;
1081;BANTEN;KABUPATEN SERANG;KRAMATWATU;TERATE;;;
1082;BANTEN;KABUPATEN SERANG;KRAMATWATU;TONJONG;;;
1083;BANTEN;KABUPATEN SERANG;KRAMATWATU;TOYOMERTO;;;
1084;BANTEN;KABUPATEN SERANG;KRAMATWATU;WANAYASA;;;
1085;BANTEN;KABUPATEN SERANG;MANCAK;ANGSANA;;;
1086;BANTEN;KABUPATEN SERANG;MANCAK;BALEKAMBANG;;;
1087;BANTEN;KABUPATEN SERANG;MANCAK;BATUKUDA;;;
1088;BANTEN;KABUPATEN SERANG;MANCAK;CIKEDUNG;;;
1089;BANTEN;KABUPATEN SERANG;MANCAK;CIWARNA;;;
1090;BANTEN;KABUPATEN SERANG;MANCAK;LABUHAN;;;
1091;BANTEN;KABUPATEN SERANG;MANCAK;MANCAK;;;
1092;BANTEN;KABUPATEN SERANG;MANCAK;PASIRWARU;;;
1093;BANTEN;KABUPATEN SERANG;MANCAK;SANGIANG;;;
1094;BANTEN;KABUPATEN SERANG;MANCAK;SIGEDONG;;;
1095;BANTEN;KABUPATEN SERANG;MANCAK;TALAGA;;;
1096;BANTEN;KABUPATEN SERANG;MANCAK;WARINGIN;;;
1097;BANTEN;KABUPATEN SERANG;MANCAK;WINONG;;;
1098;BANTEN;KABUPATEN SERANG;PABUARAN;KADUBEUREUM;;;
1099;BANTEN;KABUPATEN SERANG;PABUARAN;PABUARAN;;;
1100;BANTEN;KABUPATEN SERANG;PABUARAN;PANCANEGARA;;;
1101;BANTEN;KABUPATEN SERANG;PABUARAN;PASANGGRAHAN;;;
1102;BANTEN;KABUPATEN SERANG;PABUARAN;SINDANGHEULA;;;
1103;BANTEN;KABUPATEN SERANG;PABUARAN;SINDANGSARI;;;
1104;BANTEN;KABUPATEN SERANG;PABUARAN;TANJUNGSARI;;;
1105;BANTEN;KABUPATEN SERANG;PADARINCANG;BARUGBUG;;;
1106;BANTEN;KABUPATEN SERANG;PADARINCANG;BATUKUWUNG;;;
1107;BANTEN;KABUPATEN SERANG;PADARINCANG;BUGEL;;;
1108;BANTEN;KABUPATEN SERANG;PADARINCANG;CIBOJONG;;;
1109;BANTEN;KABUPATEN SERANG;PADARINCANG;CIOMAS;;;
1110;BANTEN;KABUPATEN SERANG;PADARINCANG;CIPAYUNG;;;
1111;BANTEN;KABUPATEN SERANG;PADARINCANG;CISAAT;;;
1112;BANTEN;KABUPATEN SERANG;PADARINCANG;CITASUK;;;
1113;BANTEN;KABUPATEN SERANG;PADARINCANG;CURUG GOONG;;;
1114;BANTEN;KABUPATEN SERANG;PADARINCANG;KADUBEUREUM;;;
1115;BANTEN;KABUPATEN SERANG;PADARINCANG;KADUKEMPONG;;;
1116;BANTEN;KABUPATEN SERANG;PADARINCANG;KALUMPANG;;;
1117;BANTEN;KABUPATEN SERANG;PADARINCANG;KRAMATLABAN;;;
1118;BANTEN;KABUPATEN SERANG;PADARINCANG;PADARINCANG;;;
1119;BANTEN;KABUPATEN SERANG;PAMARAYAN;BINONG;;;
1120;BANTEN;KABUPATEN SERANG;PAMARAYAN;DAMPING;;;
1121;BANTEN;KABUPATEN SERANG;PAMARAYAN;KAMPUNG BARU;;;
1122;BANTEN;KABUPATEN SERANG;PAMARAYAN;KEBON CAU;;;
1123;BANTEN;KABUPATEN SERANG;PAMARAYAN;PAMARAYAN;;;
1124;BANTEN;KABUPATEN SERANG;PAMARAYAN;PASIRLIMUS;;;
1125;BANTEN;KABUPATEN SERANG;PAMARAYAN;PUDAR;;;
1126;BANTEN;KABUPATEN SERANG;PAMARAYAN;SANGIANG;;;
1127;BANTEN;KABUPATEN SERANG;PAMARAYAN;WIRANA;;;
1128;BANTEN;KABUPATEN SERANG;PETIR;CIRANGKONG;;;
1129;BANTEN;KABUPATEN SERANG;PETIR;CIREUNDEU;;;
1130;BANTEN;KABUPATEN SERANG;PETIR;KADUGENEP;;;
1131;BANTEN;KABUPATEN SERANG;PETIR;KAMPUNG BARU;;;
1132;BANTEN;KABUPATEN SERANG;PETIR;MEKARBARU;;;
1133;BANTEN;KABUPATEN SERANG;PETIR;NAGARA PADANG;;;
1134;BANTEN;KABUPATEN SERANG;PETIR;PADASUKA;;;
1135;BANTEN;KABUPATEN SERANG;PETIR;PETIR;;;
1136;BANTEN;KABUPATEN SERANG;PETIR;SANDING;;;
1137;BANTEN;KABUPATEN SERANG;PETIR;SEUAT;;;
1138;BANTEN;KABUPATEN SERANG;PETIR;SEUAT JAYA;;;
1139;BANTEN;KABUPATEN SERANG;PETIR;SINDANGSARI;;;
1140;BANTEN;KABUPATEN SERANG;PETIR;TAMBILUK;;;
1141;BANTEN;KABUPATEN SERANG;PONTANG;DOMAS;;;
1142;BANTEN;KABUPATEN SERANG;PONTANG;KALAPIAN;;;
1143;BANTEN;KABUPATEN SERANG;PONTANG;KENCANA HARAPAN;;;
1144;BANTEN;KABUPATEN SERANG;PONTANG;KESERANGAN;;;
1145;BANTEN;KABUPATEN SERANG;PONTANG;KUBANG PUJI;;;
1146;BANTEN;KABUPATEN SERANG;PONTANG;LEBAK KEPUH;;;
1147;BANTEN;KABUPATEN SERANG;PONTANG;LEBAKWANGI;;;
1148;BANTEN;KABUPATEN SERANG;PONTANG;LINDUK;;;
1149;BANTEN;KABUPATEN SERANG;PONTANG;PEGANDIKAN;;;
1150;BANTEN;KABUPATEN SERANG;PONTANG;PONTANG;;;
1151;BANTEN;KABUPATEN SERANG;PONTANG;PULO KENCANA;;;
1152;BANTEN;KABUPATEN SERANG;PONTANG;SINGARAJAN;;;
1153;BANTEN;KABUPATEN SERANG;PONTANG;SUKAJAYA;;;
1154;BANTEN;KABUPATEN SERANG;PONTANG;SUKANEGARA;;;
1155;BANTEN;KABUPATEN SERANG;PONTANG;WANAYASA;;;
1156;BANTEN;KABUPATEN SERANG;PULOAMPEL;ARGAWANA;;;
1157;BANTEN;KABUPATEN SERANG;PULOAMPEL;BANYUWANGI;;;
1158;BANTEN;KABUPATEN SERANG;PULOAMPEL;KEDUNG SOKA;;;
1159;BANTEN;KABUPATEN SERANG;PULOAMPEL;MANGUNREJA;;;
1160;BANTEN;KABUPATEN SERANG;PULOAMPEL;MARGASARI;;;
1161;BANTEN;KABUPATEN SERANG;PULOAMPEL;PULO PANJANG;;;
1162;BANTEN;KABUPATEN SERANG;PULOAMPEL;PULOAMPEL;;;
1163;BANTEN;KABUPATEN SERANG;PULOAMPEL;SALIRA;;;
1164;BANTEN;KABUPATEN SERANG;PULOAMPEL;SUMURANJA;;;
1165;BANTEN;KABUPATEN SERANG;TANARA;BENDUNG;;;
1166;BANTEN;KABUPATEN SERANG;TANARA;CERUKCUK;;;
1167;BANTEN;KABUPATEN SERANG;TANARA;CIBODAS;;;
1168;BANTEN;KABUPATEN SERANG;TANARA;LEMPUYANG;;;
1169;BANTEN;KABUPATEN SERANG;TANARA;PEDALEMAN;;;
1170;BANTEN;KABUPATEN SERANG;TANARA;SIREMEN;;;
1171;BANTEN;KABUPATEN SERANG;TANARA;SUKAMANAH;;;
1172;BANTEN;KABUPATEN SERANG;TANARA;TANARA;;;
1173;BANTEN;KABUPATEN SERANG;TANARA;TENJO AYU;;;
1174;BANTEN;KABUPATEN SERANG;TIRTAYASA;ALANG ALANG;;;
1175;BANTEN;KABUPATEN SERANG;TIRTAYASA;KEBON;;;
1176;BANTEN;KABUPATEN SERANG;TIRTAYASA;KEBUYUTAN;;;
1177;BANTEN;KABUPATEN SERANG;TIRTAYASA;KEMANISAN;;;
1178;BANTEN;KABUPATEN SERANG;TIRTAYASA;LABAN;;;
1179;BANTEN;KABUPATEN SERANG;TIRTAYASA;LONTAR;;;
1180;BANTEN;KABUPATEN SERANG;TIRTAYASA;PONTANG LEGON;;;
1181;BANTEN;KABUPATEN SERANG;TIRTAYASA;PUSER;;;
1182;BANTEN;KABUPATEN SERANG;TIRTAYASA;SAMPARWADI;;;
1183;BANTEN;KABUPATEN SERANG;TIRTAYASA;SUJUNG;;;
1184;BANTEN;KABUPATEN SERANG;TIRTAYASA;SUSUKAN;;;
1185;BANTEN;KABUPATEN SERANG;TIRTAYASA;TENGKURAK;;;
1186;BANTEN;KABUPATEN SERANG;TIRTAYASA;TIRTAYASA;;;
1187;BANTEN;KABUPATEN SERANG;TIRTAYASA;WARGASARA;;;
1188;BANTEN;KABUPATEN SERANG;TUNJUNGTEJA;BOJONG CATANG;;;
1189;BANTEN;KABUPATEN SERANG;TUNJUNGTEJA;BOJONG MENTENG;;;
1190;BANTEN;KABUPATEN SERANG;TUNJUNGTEJA;BOJONG PANDAN;;;
1191;BANTEN;KABUPATEN SERANG;TUNJUNGTEJA;KAMUNING;;;
1192;BANTEN;KABUPATEN SERANG;TUNJUNGTEJA;MALANGGAH;;;
1193;BANTEN;KABUPATEN SERANG;TUNJUNGTEJA;PANCAREGANG;;;
1194;BANTEN;KABUPATEN SERANG;TUNJUNGTEJA;PANUNGGULAN;;;
1195;BANTEN;KABUPATEN SERANG;TUNJUNGTEJA;SUKASARI;;;
1196;BANTEN;KABUPATEN SERANG;TUNJUNGTEJA;TUNJUNG TEJA;;;
1197;BANTEN;KABUPATEN SERANG;WARINGINKURUNG;BINANGUN;;;
1198;BANTEN;KABUPATEN SERANG;WARINGINKURUNG;COKOPSULANJANA;;;
1199;BANTEN;KABUPATEN SERANG;WARINGINKURUNG;KEMUNING;;;
1200;BANTEN;KABUPATEN SERANG;WARINGINKURUNG;MELATI;;;
1201;BANTEN;KABUPATEN SERANG;WARINGINKURUNG;SAMBILAWANG;;;
1202;BANTEN;KABUPATEN SERANG;WARINGINKURUNG;SAMPIR;;;
1203;BANTEN;KABUPATEN SERANG;WARINGINKURUNG;SASAHAN;;;
1204;BANTEN;KABUPATEN SERANG;WARINGINKURUNG;SUKABARES;;;
1205;BANTEN;KABUPATEN SERANG;WARINGINKURUNG;SUKADALEM;;;
1206;BANTEN;KABUPATEN SERANG;WARINGINKURUNG;TELAGA LUHUR;;;
1207;BANTEN;KABUPATEN SERANG;WARINGINKURUNG;WARINGINKURUNG;;;
1208;BANTEN;KABUPATEN TANGERANG;BALARAJA;BALA RAJA;;;
1209;BANTEN;KABUPATEN TANGERANG;BALARAJA;CANGKUDU;;;
1210;BANTEN;KABUPATEN TANGERANG;BALARAJA;GEMBONG;;;
1211;BANTEN;KABUPATEN TANGERANG;BALARAJA;SAGA;;;
1212;BANTEN;KABUPATEN TANGERANG;BALARAJA;SENTUL;;;
1213;BANTEN;KABUPATEN TANGERANG;BALARAJA;SENTUL JAYA;;;
1214;BANTEN;KABUPATEN TANGERANG;BALARAJA;SUKA MURNI;;;
1215;BANTEN;KABUPATEN TANGERANG;BALARAJA;TALAGASARI;;;
1216;BANTEN;KABUPATEN TANGERANG;BALARAJA;TOBAT;;;
1217;BANTEN;KABUPATEN TANGERANG;CIKUPA;BITUNG JAYA;;;
1218;BANTEN;KABUPATEN TANGERANG;CIKUPA;BOJONG;;;
1219;BANTEN;KABUPATEN TANGERANG;CIKUPA;BUDI MULYA;;;
1220;BANTEN;KABUPATEN TANGERANG;CIKUPA;BUNDER;;;
1221;BANTEN;KABUPATEN TANGERANG;CIKUPA;CIBADAK;;;
1222;BANTEN;KABUPATEN TANGERANG;CIKUPA;CIKUPA;;;
1223;BANTEN;KABUPATEN TANGERANG;CIKUPA;DUKUH;;;
1224;BANTEN;KABUPATEN TANGERANG;CIKUPA;PASIR GADUNG;;;
1225;BANTEN;KABUPATEN TANGERANG;CIKUPA;PASIR JAYA;;;
1226;BANTEN;KABUPATEN TANGERANG;CIKUPA;SUKA DAMAI;;;
1227;BANTEN;KABUPATEN TANGERANG;CIKUPA;SUKA MULYA;;;
1228;BANTEN;KABUPATEN TANGERANG;CIKUPA;SUKA NAGARA;;;
1229;BANTEN;KABUPATEN TANGERANG;CIKUPA;TALAGA;;;
1230;BANTEN;KABUPATEN TANGERANG;CIKUPA;TALAGA SARI;;;
1231;BANTEN;KABUPATEN TANGERANG;CISAUK;CIBOGO;;;
1232;BANTEN;KABUPATEN TANGERANG;CISAUK;CISAUK;;;
1233;BANTEN;KABUPATEN TANGERANG;CISAUK;DANGDANG;;;
1234;BANTEN;KABUPATEN TANGERANG;CISAUK;MEKARWANGI;;;
1235;BANTEN;KABUPATEN TANGERANG;CISAUK;SAMPORA;;;
1236;BANTEN;KABUPATEN TANGERANG;CISAUK;SURADITA;;;
1237;BANTEN;KABUPATEN TANGERANG;CISOKA;BOJONGLOA;;;
1238;BANTEN;KABUPATEN TANGERANG;CISOKA;CARENANG;;;
1239;BANTEN;KABUPATEN TANGERANG;CISOKA;CARINGIN;;;
1240;BANTEN;KABUPATEN TANGERANG;CISOKA;CEMPAKA;;;
1241;BANTEN;KABUPATEN TANGERANG;CISOKA;CIBUGEL;;;
1242;BANTEN;KABUPATEN TANGERANG;CISOKA;CISOKA;;;
1243;BANTEN;KABUPATEN TANGERANG;CISOKA;JEUNG JING;;;
1244;BANTEN;KABUPATEN TANGERANG;CISOKA;KARANGHARJA;;;
1245;BANTEN;KABUPATEN TANGERANG;CISOKA;SELAPAJANG;;;
1246;BANTEN;KABUPATEN TANGERANG;CISOKA;SUKATANI;;;
1247;BANTEN;KABUPATEN TANGERANG;CURUG;BINONG;;;
1248;BANTEN;KABUPATEN TANGERANG;CURUG;CUKANG GALIH;;;
1249;BANTEN;KABUPATEN TANGERANG;CURUG;CURUG KULON;;;
1250;BANTEN;KABUPATEN TANGERANG;CURUG;CURUG WETAN;;;
1251;BANTEN;KABUPATEN TANGERANG;CURUG;KADU;;;
1252;BANTEN;KABUPATEN TANGERANG;CURUG;KADU JAYA;;;
1253;BANTEN;KABUPATEN TANGERANG;CURUG;SUKA BAKTI;;;
1254;BANTEN;KABUPATEN TANGERANG;GUNUNG KALER;CIBETOK;;;
1255;BANTEN;KABUPATEN TANGERANG;GUNUNG KALER;CIPAEH;;;
1256;BANTEN;KABUPATEN TANGERANG;GUNUNG KALER;GUNUNG KALER;;;
1257;BANTEN;KABUPATEN TANGERANG;GUNUNG KALER;KANDA WATI;;;
1258;BANTEN;KABUPATEN TANGERANG;GUNUNG KALER;KEDUNG;;;
1259;BANTEN;KABUPATEN TANGERANG;GUNUNG KALER;ONYAM;;;
1260;BANTEN;KABUPATEN TANGERANG;GUNUNG KALER;RANCA GEDE;;;
1261;BANTEN;KABUPATEN TANGERANG;GUNUNG KALER;SIDOKO;;;
1262;BANTEN;KABUPATEN TANGERANG;GUNUNG KALER;TAMIANG;;;
1263;BANTEN;KABUPATEN TANGERANG;JAMBE;ANCOL PASIR;;;
1264;BANTEN;KABUPATEN TANGERANG;JAMBE;DARU;;;
1265;BANTEN;KABUPATEN TANGERANG;JAMBE;JAMBE;;;
1266;BANTEN;KABUPATEN TANGERANG;JAMBE;KUTRUK;;;
1267;BANTEN;KABUPATEN TANGERANG;JAMBE;MEKARSARI;;;
1268;BANTEN;KABUPATEN TANGERANG;JAMBE;PASIR BARAT;;;
1269;BANTEN;KABUPATEN TANGERANG;JAMBE;RANCABUAYA;;;
1270;BANTEN;KABUPATEN TANGERANG;JAMBE;SUKA MANAH;;;
1271;BANTEN;KABUPATEN TANGERANG;JAMBE;TABAN;;;
1272;BANTEN;KABUPATEN TANGERANG;JAMBE;TIPARRAYA;;;
1273;BANTEN;KABUPATEN TANGERANG;JAYANTI;CIKANDE;;;
1274;BANTEN;KABUPATEN TANGERANG;JAYANTI;DANG DEUR;;;
1275;BANTEN;KABUPATEN TANGERANG;JAYANTI;JAYANTI;;;
1276;BANTEN;KABUPATEN TANGERANG;JAYANTI;PABUARAN;;;
1277;BANTEN;KABUPATEN TANGERANG;JAYANTI;PANGKAT;;;
1278;BANTEN;KABUPATEN TANGERANG;JAYANTI;PASIR GINTUNG;;;
1279;BANTEN;KABUPATEN TANGERANG;JAYANTI;PASIR MUNCANG;;;
1280;BANTEN;KABUPATEN TANGERANG;JAYANTI;SUMUR BANDUNG;;;
1281;BANTEN;KABUPATEN TANGERANG;KELAPA DUA;BENCONGAN;;;
1282;BANTEN;KABUPATEN TANGERANG;KELAPA DUA;BENCONGAN INDAH;;;
1283;BANTEN;KABUPATEN TANGERANG;KELAPA DUA;BOJONG NANGKA;;;
1284;BANTEN;KABUPATEN TANGERANG;KELAPA DUA;CURUG SANGERENG;;;
1285;BANTEN;KABUPATEN TANGERANG;KELAPA DUA;KELAPA DUA;;;
1286;BANTEN;KABUPATEN TANGERANG;KELAPA DUA;PAKULONAN BARAT;;;
1287;BANTEN;KABUPATEN TANGERANG;KEMIRI;KARANG ANYAR;;;
1288;BANTEN;KABUPATEN TANGERANG;KEMIRI;KELEBET;;;
1289;BANTEN;KABUPATEN TANGERANG;KEMIRI;KEMIRI;;;
1290;BANTEN;KABUPATEN TANGERANG;KEMIRI;LEGOK SUKAMAJU;;;
1291;BANTEN;KABUPATEN TANGERANG;KEMIRI;LONTAR;;;
1292;BANTEN;KABUPATEN TANGERANG;KEMIRI;PATRA MANGGALA;;;
1293;BANTEN;KABUPATEN TANGERANG;KEMIRI;RANCA LABUH;;;
1294;BANTEN;KABUPATEN TANGERANG;KOSAMBI;BELIMBING;;;
1295;BANTEN;KABUPATEN TANGERANG;KOSAMBI;CENGKLONG;;;
1296;BANTEN;KABUPATEN TANGERANG;KOSAMBI;D A D A P;;;
1297;BANTEN;KABUPATEN TANGERANG;KOSAMBI;JATIMULYA;;;
1298;BANTEN;KABUPATEN TANGERANG;KOSAMBI;KOSAMBI BARAT;;;
1299;BANTEN;KABUPATEN TANGERANG;KOSAMBI;KOSAMBI TIMUR;;;
1300;BANTEN;KABUPATEN TANGERANG;KOSAMBI;RAWA BURUNG;;;
1301;BANTEN;KABUPATEN TANGERANG;KOSAMBI;RAWA RENGAS;;;
1302;BANTEN;KABUPATEN TANGERANG;KOSAMBI;SALEMBARAN;;;
1303;BANTEN;KABUPATEN TANGERANG;KOSAMBI;SALEMBARAN JATI;;;
1304;BANTEN;KABUPATEN TANGERANG;KRESEK;JENGKOL;;;
1305;BANTEN;KABUPATEN TANGERANG;KRESEK;KEMUNING;;;
1306;BANTEN;KABUPATEN TANGERANG;KRESEK;KOPER;;;
1307;BANTEN;KABUPATEN TANGERANG;KRESEK;KRESEK;;;
1308;BANTEN;KABUPATEN TANGERANG;KRESEK;PASIR AMPO;;;
1309;BANTEN;KABUPATEN TANGERANG;KRESEK;PATRA SANA;;;
1310;BANTEN;KABUPATEN TANGERANG;KRESEK;RANCA ILAT;;;
1311;BANTEN;KABUPATEN TANGERANG;KRESEK;RENGED;;;
1312;BANTEN;KABUPATEN TANGERANG;KRESEK;TALOK;;;
1313;BANTEN;KABUPATEN TANGERANG;KRONJO;BAKUNG;;;
1314;BANTEN;KABUPATEN TANGERANG;KRONJO;BLUKBUK;;;
1315;BANTEN;KABUPATEN TANGERANG;KRONJO;CIRUMPAK;;;
1316;BANTEN;KABUPATEN TANGERANG;KRONJO;KRONJO;;;
1317;BANTEN;KABUPATEN TANGERANG;KRONJO;MUNCUNG;;;
1318;BANTEN;KABUPATEN TANGERANG;KRONJO;PAGEDANGAN ILIR;;;
1319;BANTEN;KABUPATEN TANGERANG;KRONJO;PAGEDANGAN UDIK;;;
1320;BANTEN;KABUPATEN TANGERANG;KRONJO;PAGENJAHAN;;;
1321;BANTEN;KABUPATEN TANGERANG;KRONJO;PASILIAN;;;
1322;BANTEN;KABUPATEN TANGERANG;KRONJO;PASIR;;;
1323;BANTEN;KABUPATEN TANGERANG;LEGOK;BABAKAN;;;
1324;BANTEN;KABUPATEN TANGERANG;LEGOK;BABAT;;;
1325;BANTEN;KABUPATEN TANGERANG;LEGOK;BOJONG KAMAL;;;
1326;BANTEN;KABUPATEN TANGERANG;LEGOK;CARINGIN;;;
1327;BANTEN;KABUPATEN TANGERANG;LEGOK;CIANGIR;;;
1328;BANTEN;KABUPATEN TANGERANG;LEGOK;CIRARAB;;;
1329;BANTEN;KABUPATEN TANGERANG;LEGOK;KAMUNING;;;
1330;BANTEN;KABUPATEN TANGERANG;LEGOK;LEGOK;;;
1331;BANTEN;KABUPATEN TANGERANG;LEGOK;PALA SARI;;;
1332;BANTEN;KABUPATEN TANGERANG;LEGOK;RANCAGONG;;;
1333;BANTEN;KABUPATEN TANGERANG;LEGOK;SERDANG WETAN;;;
1334;BANTEN;KABUPATEN TANGERANG;MAUK;BANYU ASIH;;;
1335;BANTEN;KABUPATEN TANGERANG;MAUK;GUNUNG SARI;;;
1336;BANTEN;KABUPATEN TANGERANG;MAUK;JATI WARINGIN;;;
1337;BANTEN;KABUPATEN TANGERANG;MAUK;KEDUNG DALEM;;;
1338;BANTEN;KABUPATEN TANGERANG;MAUK;KETAPANG;;;
1339;BANTEN;KABUPATEN TANGERANG;MAUK;MARGA MULYA;;;
1340;BANTEN;KABUPATEN TANGERANG;MAUK;MAUK BARAT;;;
1341;BANTEN;KABUPATEN TANGERANG;MAUK;MAUK TIMUR;;;
1342;BANTEN;KABUPATEN TANGERANG;MAUK;SASAK;;;
1343;BANTEN;KABUPATEN TANGERANG;MAUK;TANJUNG ANOM;;;
1344;BANTEN;KABUPATEN TANGERANG;MAUK;TEGAL KUNIR KIDUL;;;
1345;BANTEN;KABUPATEN TANGERANG;MAUK;TEGAL KUNIR LOR;;;
1346;BANTEN;KABUPATEN TANGERANG;MEKARBARU;CIJERUK;;;
1347;BANTEN;KABUPATEN TANGERANG;MEKARBARU;GANDA RIA;;;
1348;BANTEN;KABUPATEN TANGERANG;MEKARBARU;JENGGOT;;;
1349;BANTEN;KABUPATEN TANGERANG;MEKARBARU;KEDAUNG;;;
1350;BANTEN;KABUPATEN TANGERANG;MEKARBARU;KLUTUK;;;
1351;BANTEN;KABUPATEN TANGERANG;MEKARBARU;KOSAMBI DALAM;;;
1352;BANTEN;KABUPATEN TANGERANG;MEKARBARU;MEKAR BARU;;;
1353;BANTEN;KABUPATEN TANGERANG;MEKARBARU;WALIWIS;;;
1354;BANTEN;KABUPATEN TANGERANG;PAGEDANGAN;CICALENGKA;;;
1355;BANTEN;KABUPATEN TANGERANG;PAGEDANGAN;CIHUNI;;;
1356;BANTEN;KABUPATEN TANGERANG;PAGEDANGAN;CIJANTRA;;;
1357;BANTEN;KABUPATEN TANGERANG;PAGEDANGAN;JATAKE;;;
1358;BANTEN;KABUPATEN TANGERANG;PAGEDANGAN;KADU SIRUNG;;;
1359;BANTEN;KABUPATEN TANGERANG;PAGEDANGAN;KARANG TENGAH;;;
1360;BANTEN;KABUPATEN TANGERANG;PAGEDANGAN;LENGKONG KULON;;;
1361;BANTEN;KABUPATEN TANGERANG;PAGEDANGAN;MALANG NENGAH;;;
1362;BANTEN;KABUPATEN TANGERANG;PAGEDANGAN;MEDANG;;;
1363;BANTEN;KABUPATEN TANGERANG;PAGEDANGAN;PAGEDANGAN;;;
1364;BANTEN;KABUPATEN TANGERANG;PAGEDANGAN;SITU GADUNG;;;
1365;BANTEN;KABUPATEN TANGERANG;PAKUHAJI;BUARAN BAMBU;;;
1366;BANTEN;KABUPATEN TANGERANG;PAKUHAJI;BUARAN MANGGA;;;
1367;BANTEN;KABUPATEN TANGERANG;PAKUHAJI;BUNISARI;;;
1368;BANTEN;KABUPATEN TANGERANG;PAKUHAJI;GAGA;;;
1369;BANTEN;KABUPATEN TANGERANG;PAKUHAJI;KALIBARU;;;
1370;BANTEN;KABUPATEN TANGERANG;PAKUHAJI;KIARA PAYUNG;;;
1371;BANTEN;KABUPATEN TANGERANG;PAKUHAJI;KOHOD;;;
1372;BANTEN;KABUPATEN TANGERANG;PAKUHAJI;KRAMAT;;;
1373;BANTEN;KABUPATEN TANGERANG;PAKUHAJI;LAKSANA;;;
1374;BANTEN;KABUPATEN TANGERANG;PAKUHAJI;PAKU ALAM;;;
1375;BANTEN;KABUPATEN TANGERANG;PAKUHAJI;PAKU HAJI;;;
1376;BANTEN;KABUPATEN TANGERANG;PAKUHAJI;RAWA BONI;;;
1377;BANTEN;KABUPATEN TANGERANG;PAKUHAJI;SUKAWALI;;;
1378;BANTEN;KABUPATEN TANGERANG;PAKUHAJI;SURYA BAHARI;;;
1379;BANTEN;KABUPATEN TANGERANG;PANONGAN;CIAKAR;;;
1380;BANTEN;KABUPATEN TANGERANG;PANONGAN;MEKAR BAKTI;;;
1381;BANTEN;KABUPATEN TANGERANG;PANONGAN;MEKAR JAYA;;;
1382;BANTEN;KABUPATEN TANGERANG;PANONGAN;PANONGAN;;;
1383;BANTEN;KABUPATEN TANGERANG;PANONGAN;PEUSAR;;;
1384;BANTEN;KABUPATEN TANGERANG;PANONGAN;RANCA IYUH;;;
1385;BANTEN;KABUPATEN TANGERANG;PANONGAN;RANCA KALAPA;;;
1386;BANTEN;KABUPATEN TANGERANG;PANONGAN;SERDANG KULON;;;
1387;BANTEN;KABUPATEN TANGERANG;PASAR KEMIS;GELAM JAYA;;;
1388;BANTEN;KABUPATEN TANGERANG;PASAR KEMIS;KUTA BARU;;;
1389;BANTEN;KABUPATEN TANGERANG;PASAR KEMIS;KUTA BUMI;;;
1390;BANTEN;KABUPATEN TANGERANG;PASAR KEMIS;KUTA JAYA;;;
1391;BANTEN;KABUPATEN TANGERANG;PASAR KEMIS;PANGADEGAN;;;
1392;BANTEN;KABUPATEN TANGERANG;PASAR KEMIS;PASAR KEMIS;;;
1393;BANTEN;KABUPATEN TANGERANG;PASAR KEMIS;SINDANG SARI;;;
1394;BANTEN;KABUPATEN TANGERANG;PASAR KEMIS;SUKAASIH;;;
1395;BANTEN;KABUPATEN TANGERANG;PASAR KEMIS;SUKAMANTRI;;;
1396;BANTEN;KABUPATEN TANGERANG;RAJEG;DAON;;;
1397;BANTEN;KABUPATEN TANGERANG;RAJEG;JAMBU KARYA;;;
1398;BANTEN;KABUPATEN TANGERANG;RAJEG;LEMBANG SARI;;;
1399;BANTEN;KABUPATEN TANGERANG;RAJEG;MEKARSARI;;;
1400;BANTEN;KABUPATEN TANGERANG;RAJEG;PANGARENGAN;;;
1401;BANTEN;KABUPATEN TANGERANG;RAJEG;RAJEG;;;
1402;BANTEN;KABUPATEN TANGERANG;RAJEG;RAJEGMULYA;;;
1403;BANTEN;KABUPATEN TANGERANG;RAJEG;RANCA BANGO;;;
1404;BANTEN;KABUPATEN TANGERANG;RAJEG;SUKA MANAH;;;
1405;BANTEN;KABUPATEN TANGERANG;RAJEG;SUKA SARI;;;
1406;BANTEN;KABUPATEN TANGERANG;RAJEG;SUKA TANI;;;
1407;BANTEN;KABUPATEN TANGERANG;RAJEG;TANJAKAN;;;
1408;BANTEN;KABUPATEN TANGERANG;RAJEG;TANJAKAN MEKAR;;;
1409;BANTEN;KABUPATEN TANGERANG;SEPATAN;KARET;;;
1410;BANTEN;KABUPATEN TANGERANG;SEPATAN;KAYU AGUNG;;;
1411;BANTEN;KABUPATEN TANGERANG;SEPATAN;KAYU BONGKOK;;;
1412;BANTEN;KABUPATEN TANGERANG;SEPATAN;MEKAR JAYA;;;
1413;BANTEN;KABUPATEN TANGERANG;SEPATAN;PISANGAN JAYA;;;
1414;BANTEN;KABUPATEN TANGERANG;SEPATAN;PONDOK JAYA;;;
1415;BANTEN;KABUPATEN TANGERANG;SEPATAN;SARAKAN;;;
1416;BANTEN;KABUPATEN TANGERANG;SEPATAN;SEPATAN;;;
1417;BANTEN;KABUPATEN TANGERANG;SEPATAN TIMUR;GEMPOL SARI;;;
1418;BANTEN;KABUPATEN TANGERANG;SEPATAN TIMUR;JATI MULYA;;;
1419;BANTEN;KABUPATEN TANGERANG;SEPATAN TIMUR;KAMPUNG KELOR;;;
1420;BANTEN;KABUPATEN TANGERANG;SEPATAN TIMUR;KEDAUNG BARAT;;;
1421;BANTEN;KABUPATEN TANGERANG;SEPATAN TIMUR;LEBAK WANGI;;;
1422;BANTEN;KABUPATEN TANGERANG;SEPATAN TIMUR;PONDOK KELOR;;;
1423;BANTEN;KABUPATEN TANGERANG;SEPATAN TIMUR;SANGIANG;;;
1424;BANTEN;KABUPATEN TANGERANG;SEPATAN TIMUR;TANAH MERAH;;;
1425;BANTEN;KABUPATEN TANGERANG;SINDANG JAYA;BADAK ANOM;;;
1426;BANTEN;KABUPATEN TANGERANG;SINDANG JAYA;SINDANG ASIH;;;
1427;BANTEN;KABUPATEN TANGERANG;SINDANG JAYA;SINDANG JAYA;;;
1428;BANTEN;KABUPATEN TANGERANG;SINDANG JAYA;SINDANG PANON;;;
1429;BANTEN;KABUPATEN TANGERANG;SINDANG JAYA;SINDANG SONO;;;
1430;BANTEN;KABUPATEN TANGERANG;SINDANG JAYA;SUKA HARJA;;;
1431;BANTEN;KABUPATEN TANGERANG;SINDANG JAYA;WANA KERTA;;;
1432;BANTEN;KABUPATEN TANGERANG;SOLEAR;CIKAREO;;;
1433;BANTEN;KABUPATEN TANGERANG;SOLEAR;CIKASUNGKA;;;
1434;BANTEN;KABUPATEN TANGERANG;SOLEAR;CIKUYA;;;
1435;BANTEN;KABUPATEN TANGERANG;SOLEAR;CIREUNDEU;;;
1436;BANTEN;KABUPATEN TANGERANG;SOLEAR;MUNJUL;;;
1437;BANTEN;KABUPATEN TANGERANG;SOLEAR;PASANGGRAHAN;;;
1438;BANTEN;KABUPATEN TANGERANG;SOLEAR;SOLEAR;;;
1439;BANTEN;KABUPATEN TANGERANG;SUKADIRI;BUARAN JATI;;;
1440;BANTEN;KABUPATEN TANGERANG;SUKADIRI;GINTUNG;;;
1441;BANTEN;KABUPATEN TANGERANG;SUKADIRI;KARANG SERANG;;;
1442;BANTEN;KABUPATEN TANGERANG;SUKADIRI;KOSAMBI;;;
1443;BANTEN;KABUPATEN TANGERANG;SUKADIRI;MEKAR KONDANG;;;
1444;BANTEN;KABUPATEN TANGERANG;SUKADIRI;PEKAYON;;;
1445;BANTEN;KABUPATEN TANGERANG;SUKADIRI;RAWA KIDANG;;;
1446;BANTEN;KABUPATEN TANGERANG;SUKADIRI;SUKADIRI;;;
1447;BANTEN;KABUPATEN TANGERANG;SUKAMULYA;BENDA;;;
1448;BANTEN;KABUPATEN TANGERANG;SUKAMULYA;BUNAR;;;
1449;BANTEN;KABUPATEN TANGERANG;SUKAMULYA;BUNI AYU;;;
1450;BANTEN;KABUPATEN TANGERANG;SUKAMULYA;KALI ASIN;;;
1451;BANTEN;KABUPATEN TANGERANG;SUKAMULYA;KUBANG;;;
1452;BANTEN;KABUPATEN TANGERANG;SUKAMULYA;MERAK;;;
1453;BANTEN;KABUPATEN TANGERANG;SUKAMULYA;PARAHU;;;
1454;BANTEN;KABUPATEN TANGERANG;SUKAMULYA;SUKA MULYA;;;
1455;BANTEN;KABUPATEN TANGERANG;TELUKNAGA;BABAKAN ASEM;;;
1456;BANTEN;KABUPATEN TANGERANG;TELUKNAGA;BOJONG RENGED;;;
1457;BANTEN;KABUPATEN TANGERANG;TELUKNAGA;KAMPUNG BESAR;;;
1458;BANTEN;KABUPATEN TANGERANG;TELUKNAGA;KAMPUNG MELAYU BARAT;;;
1459;BANTEN;KABUPATEN TANGERANG;TELUKNAGA;KAMPUNG MELAYU TIMUR;;;
1460;BANTEN;KABUPATEN TANGERANG;TELUKNAGA;KEBON CAU;;;
1461;BANTEN;KABUPATEN TANGERANG;TELUKNAGA;L E M O;;;
1462;BANTEN;KABUPATEN TANGERANG;TELUKNAGA;MUARA;;;
1463;BANTEN;KABUPATEN TANGERANG;TELUKNAGA;PANGKALAN;;;
1464;BANTEN;KABUPATEN TANGERANG;TELUKNAGA;TANJUNG BURUNG;;;
1465;BANTEN;KABUPATEN TANGERANG;TELUKNAGA;TANJUNG PASIR;;;
1466;BANTEN;KABUPATEN TANGERANG;TELUKNAGA;TEGAL ANGUS;;;
1467;BANTEN;KABUPATEN TANGERANG;TELUKNAGA;TELUK NAGA;;;
1468;BANTEN;KABUPATEN TANGERANG;TIGARAKSA;BANTAR PANJANG;;;
1469;BANTEN;KABUPATEN TANGERANG;TIGARAKSA;CILELES;;;
1470;BANTEN;KABUPATEN TANGERANG;TIGARAKSA;CISEREH;;;
1471;BANTEN;KABUPATEN TANGERANG;TIGARAKSA;KADU AGUNG;;;
1472;BANTEN;KABUPATEN TANGERANG;TIGARAKSA;MARGA SARI;;;
1473;BANTEN;KABUPATEN TANGERANG;TIGARAKSA;MATA GARA;;;
1474;BANTEN;KABUPATEN TANGERANG;TIGARAKSA;PASIR BOLANG;;;
1475;BANTEN;KABUPATEN TANGERANG;TIGARAKSA;PASIR NANGKA;;;
1476;BANTEN;KABUPATEN TANGERANG;TIGARAKSA;PEMATANG;;;
1477;BANTEN;KABUPATEN TANGERANG;TIGARAKSA;PETE;;;
1478;BANTEN;KABUPATEN TANGERANG;TIGARAKSA;SODONG;;;
1479;BANTEN;KABUPATEN TANGERANG;TIGARAKSA;TAPOS;;;
1480;BANTEN;KABUPATEN TANGERANG;TIGARAKSA;TEGALSARI;;;
1481;BANTEN;KABUPATEN TANGERANG;TIGARAKSA;TIGARAKSA;;;
1482;BANTEN;KOTA TANGERANG SELATAN;CIPUTAT;CIPAYUNG;;;
1483;BANTEN;KOTA TANGERANG SELATAN;CIPUTAT;CIPUTAT;;;
1484;BANTEN;KOTA TANGERANG SELATAN;CIPUTAT;JOMBANG;;;
1485;BANTEN;KOTA TANGERANG SELATAN;CIPUTAT;SARUA;;;
1486;BANTEN;KOTA TANGERANG SELATAN;CIPUTAT;SARUA INDAH;;;
1487;BANTEN;KOTA TANGERANG SELATAN;CIPUTAT;SAWAH;;;
1488;BANTEN;KOTA TANGERANG SELATAN;CIPUTAT;SAWAH BARU;;;
1489;BANTEN;KOTA TANGERANG SELATAN;CIPUTAT TIMUR;CEMPAKA PUTIH;;;
1490;BANTEN;KOTA TANGERANG SELATAN;CIPUTAT TIMUR;CIREUNDEU;;;
1491;BANTEN;KOTA TANGERANG SELATAN;CIPUTAT TIMUR;PISANGAN;;;
1492;BANTEN;KOTA TANGERANG SELATAN;CIPUTAT TIMUR;PONDOK RANJI;;;
1493;BANTEN;KOTA TANGERANG SELATAN;CIPUTAT TIMUR;REMPOA;;;
1494;BANTEN;KOTA TANGERANG SELATAN;CIPUTAT TIMUR;RENGAS;;;
1495;BANTEN;KOTA TANGERANG SELATAN;PAMULANG;BAMBU APUS;;;
1496;BANTEN;KOTA TANGERANG SELATAN;PAMULANG;BENDA BARU;;;
1497;BANTEN;KOTA TANGERANG SELATAN;PAMULANG;KEDAUNG;;;
1498;BANTEN;KOTA TANGERANG SELATAN;PAMULANG;PAMULANG BARAT;;;
1499;BANTEN;KOTA TANGERANG SELATAN;PAMULANG;PAMULANG TIMUR;;;
1500;BANTEN;KOTA TANGERANG SELATAN;PAMULANG;PONDOK BENDA;;;
1501;BANTEN;KOTA TANGERANG SELATAN;PAMULANG;PONDOK CABE ILIR;;;
1502;BANTEN;KOTA TANGERANG SELATAN;PAMULANG;PONDOK CABE UDIK;;;
1503;BANTEN;KOTA TANGERANG SELATAN;PONDOK AREN;JURANG MANGGU BARAT;;;
1504;BANTEN;KOTA TANGERANG SELATAN;PONDOK AREN;JURANG MANGGU TIMUR;;;
1505;BANTEN;KOTA TANGERANG SELATAN;PONDOK AREN;PERIGI;;;
1506;BANTEN;KOTA TANGERANG SELATAN;PONDOK AREN;PERIGI BARU;;;
1507;BANTEN;KOTA TANGERANG SELATAN;PONDOK AREN;PONDOK AREN;;;
1508;BANTEN;KOTA TANGERANG SELATAN;PONDOK AREN;PONDOK BETUNG;;;
1509;BANTEN;KOTA TANGERANG SELATAN;PONDOK AREN;PONDOK JAYA;;;
1510;BANTEN;KOTA TANGERANG SELATAN;PONDOK AREN;PONDOK KACANG BARAT;;;
1511;BANTEN;KOTA TANGERANG SELATAN;PONDOK AREN;PONDOK KACANG TIMUR;;;
1512;BANTEN;KOTA TANGERANG SELATAN;PONDOK AREN;PONDOK KARYA;;;
1513;BANTEN;KOTA TANGERANG SELATAN;PONDOK AREN;PONDOK PUCUNG;;;
1514;BANTEN;KOTA TANGERANG SELATAN;SERPONG;BUARAN;;;
1515;BANTEN;KOTA TANGERANG SELATAN;SERPONG;CIATER;;;
1516;BANTEN;KOTA TANGERANG SELATAN;SERPONG;CILENGGANG;;;
1517;BANTEN;KOTA TANGERANG SELATAN;SERPONG;LENGKONG GUDANG;;;
1518;BANTEN;KOTA TANGERANG SELATAN;SERPONG;LENGKONG GUDANG TIMUR;;;
1519;BANTEN;KOTA TANGERANG SELATAN;SERPONG;LENGKONG WETAN;;;
1520;BANTEN;KOTA TANGERANG SELATAN;SERPONG;RAWA BUNTU;;;
1521;BANTEN;KOTA TANGERANG SELATAN;SERPONG;RAWA MEKAR JAYA;;;
1522;BANTEN;KOTA TANGERANG SELATAN;SERPONG;SERPONG;;;
1523;BANTEN;KOTA TANGERANG SELATAN;SERPONG UTARA;JELUPANG;;;
1524;BANTEN;KOTA TANGERANG SELATAN;SERPONG UTARA;LENGKONG KARYA;;;
1525;BANTEN;KOTA TANGERANG SELATAN;SERPONG UTARA;PAKU ALAM;;;
1526;BANTEN;KOTA TANGERANG SELATAN;SERPONG UTARA;PAKU JAYA;;;
1527;BANTEN;KOTA TANGERANG SELATAN;SERPONG UTARA;PAKULONAN;;;
1528;BANTEN;KOTA TANGERANG SELATAN;SERPONG UTARA;PONDOK JAGUNG;;;
1529;BANTEN;KOTA TANGERANG SELATAN;SERPONG UTARA;PONDOK JAGUNG TIMUR;;;
1530;BANTEN;KOTA TANGERANG SELATAN;SETU;BABAKAN;;;
1531;BANTEN;KOTA TANGERANG SELATAN;SETU;BAKTI JAYA;;;
1532;BANTEN;KOTA TANGERANG SELATAN;SETU;KADEMANGAN;;;
1533;BANTEN;KOTA TANGERANG SELATAN;SETU;KRANGGAN;;;
1534;BANTEN;KOTA TANGERANG SELATAN;SETU;MUNCUL;;;
1535;BANTEN;KOTA TANGERANG SELATAN;SETU;SETU;;;
